Product name	Price	Shipping cost	Image URL	Number of Watchers	Product condition
Malachite Round Top Coffee Table Top Semi Precious Mosaic Art Inlay Home Decor	$333.00 to $2,300.40	Free shipping	https://i.ebayimg.com/thumbs/images/g/NPcAAOSwHbZjfKCh/s-l225.jpg	No Watchers	Brand New
Live edge very old giant size, great shape, olive Acacia wood slab, coffee table	$704.96 to $6,471.47	Free shipping	https://i.ebayimg.com/thumbs/images/g/IroAAOSwhw9gzwqd/s-l225.jpg	No Watchers	Brand New
Foldable Indoor Plastic Round Dining Table Portable Outdoor Picnic Desk w/Handle	$105.99 to $199.99	+$206.01 shipping	https://i.ebayimg.com/thumbs/images/g/0usAAOSwePxjWJh5/s-l225.jpg	No Watchers	Brand New
Foldable Adjustable Height TV Tray Home Portable Sofa Bed Side Table Laptop Desk	$38.99	+$203.74 shipping	https://i.ebayimg.com/thumbs/images/g/9eEAAOSw8whjLUuH/s-l225.jpg	No Watchers	Brand New
End Table Espresso Storage Living Room Half Round Table Moon Drawer Shelf Design	$55.15	+$203.98 shipping	https://i.ebayimg.com/thumbs/images/g/ZUEAAOSwZrtarDcb/s-l225.jpg	No Watchers	Brand New
Industrial Style Porch Table Single Layer Black Oak Triamine Board [105 * 30 * 7	$55.87	+$3.99 shipping	https://i.ebayimg.com/thumbs/images/g/IiAAAOSwl01kHXRb/s-l225.jpg	No Watchers	Brand New
Industrial Style Porch Table Single Layer Light Walnut Color Triamine Board	$55.63	+$3.99 shipping	https://i.ebayimg.com/thumbs/images/g/NaoAAOSw2EtkHWqG/s-l225.jpg	49 watchers	Brand New
Silicone Chair Leg Caps Covers Furniture Table Feet Pads Floor Protectors	$2.41 to $12.20	Free International Shipping	https://i.ebayimg.com/thumbs/images/g/KlcAAOSwawxhytd~/s-l225.jpg	36 watchers	Brand New
46*46*46cm Single Layer Round HDPE Side Table Black	$54.69	+$2.00 shipping	https://i.ebayimg.com/thumbs/images/g/87YAAOSwB2NkFXZH/s-l225.jpg	6+ watchers	Brand New
Million Dollar Cube Side Table - coffee side table great for home and office	$260.00	+$1,307.69 shipping	https://i.ebayimg.com/thumbs/images/g/hJMAAOSwpfxfmbMW/s-l225.jpg	6 watchers	Brand New
Million Dollar Cube Side Table - With Free Money Stack	$284.00	+$1,058.69 shipping	https://i.ebayimg.com/thumbs/images/g/a5kAAOSwi~dfhpR6/s-l225.jpg	No Watchers	Brand New
CRZDEAL TV Tray Table - 22'' TV Dinner Tray 6 Adjustable Height Settings TV-01	$29.95	+$75.03 shipping	https://i.ebayimg.com/thumbs/images/g/rnQAAOSwfOdivL4B/s-l225.jpg	No Watchers	Brand New
Rolling Computer Desk Laptop PC Coner Table Desktop w/ Rolling Wheel Home Office	$38.69	Free International Shipping	https://i.ebayimg.com/thumbs/images/g/buMAAOSwpdpkEDUf/s-l225.jpg	No Watchers	Brand New
Portable Adjustable Folding Laptop Desk Foldable Study Computer Bed Table Stand	$19.99	+$203.46 shipping	https://i.ebayimg.com/thumbs/images/g/QeQAAOSwYoFfikl0/s-l225.jpg	17 watchers	Brand New
4X Chair Leg Cap Silicon Rubber Feet Floor Protector Pad Furniture Table Cover	$3.13 to $4.67	Free International Shipping	https://i.ebayimg.com/thumbs/images/g/C90AAOSwHc1iU86L/s-l225.jpg	No Watchers	Brand New
Sofa Side Table with Storage Shelf Metal Frame for Home Decor Dining Room	$40.99 to $47.22	+$8.00 shipping	https://i.ebayimg.com/thumbs/images/g/ycoAAOSwZPRje3QK/s-l225.jpg	No Watchers	Brand New
Height Adjustable Notebook Laptop Computer Desk Portable Table Sofa Bed Tray	$38.99 to $39.99	+$203.74 shipping	https://i.ebayimg.com/thumbs/images/g/a34AAOSwSyBfikS8/s-l225.jpg	No Watchers	Brand New
Murphy Folding Table Space Saving Wall Mounted Foldable Dining Kitchen Table	$319.95	+$90.00 shipping	https://i.ebayimg.com/thumbs/images/g/PCwAAOSw6YxjV7DY/s-l225.jpg	No Watchers	Brand New
"New Listing21 3/4"" Round Solid Oak Pedestal Table For Repair"	$75.00	Shipping not specified	https://i.ebayimg.com/thumbs/images/g/COcAAOSwkOhkJuV~/s-l225.jpg	No Watchers	Pre-Owned
Living Room Best Table For Decor Home Modern Coffee Table Round Nesting Gift	$59.80	Free shipping	https://i.ebayimg.com/thumbs/images/g/1o0AAOSwagtkJX-f/s-l225.jpg	No Watchers	Brand New
46*46*46cm Single Layer Round HDPE Side Table White	$55.32	+$3.99 shipping	https://i.ebayimg.com/thumbs/images/g/l2MAAOSwkOhkHWsJ/s-l225.jpg	No Watchers	Brand New
New Listingdining table base	$500.00	Shipping not specified	https://i.ebayimg.com/thumbs/images/g/2LQAAOSwFJNkJvuN/s-l225.jpg	No Watchers	Pre-Owned
Round[360-DEGREE SWIVEL]Counter Pub Bar Table Adjustable Height Wooden Tabletop	$59.99	+$204.06 shipping	https://i.ebayimg.com/thumbs/images/g/O-wAAOSwY1xjv24b/s-l225.jpg	No Watchers	Brand New
herman miller noguchi Coffee Table dowel pin assembly part	$89.00	+$19.06 shipping	https://i.ebayimg.com/thumbs/images/g/Bj0AAOSw-Jdj~NlV/s-l225.jpg	No Watchers	Brand New
3 Tier End Table with Wheels,Side Table Nightstand Storage Shelf for Bedroom,Kit	$54.69	+$3.99 shipping	https://i.ebayimg.com/thumbs/images/g/KzsAAOSwSlpkHWbz/s-l225.jpg	No Watchers	Brand New
36*36*47cm Single Layer Square HDPE Side Table White	$54.63	+$3.99 shipping	https://i.ebayimg.com/thumbs/images/g/oBgAAOSwXkZkHYHa/s-l225.jpg	1 watchers	Brand New
Wooden 2 Tier Coffee Table For Living Room Solid Legs Large Nesting Table	$59.80	Free shipping	https://i.ebayimg.com/thumbs/images/g/5HQAAOSwtyBkJX51/s-l225.jpg	28 watchers	Brand New
"New Listing15"" Triangle Shape Wood Stool with Brass Work | Wooden Sitting Table | Handmade"	$79.00	Free shipping	https://i.ebayimg.com/thumbs/images/g/iscAAOSwMeZkJqLp/s-l225.jpg	No Watchers	Brand New
Table legs, a set of 4, various lengths	$24.99	+$107.25 shipping	https://i.ebayimg.com/thumbs/images/g/v3gAAOSwLDRiJB3r/s-l225.jpg	No Watchers	Brand New
Folding Table 4ft Adjustable Height Portable Lightweight Aluminum Camping Table	$39.99	+$203.76 shipping	https://i.ebayimg.com/thumbs/images/g/YZ0AAOSwCstkEUp4/s-l225.jpg	No Watchers	Brand New
10pcs Silicone Chair Leg Caps Covers Furniture Table Feet Pads Floor Protectors	$3.03 to $13.28	+$0.62 shipping	https://i.ebayimg.com/thumbs/images/g/XMsAAOSw0iFjosYo/s-l225.jpg	No Watchers	Brand New
Mainstays 5pc XL Oversized Tray Table Set, Rustic Grey	$48.99	Shipping not specified	https://i.ebayimg.com/thumbs/images/g/72MAAOSw0RVkAipc/s-l225.jpg	No Watchers	Brand New
FCH Retro Color Particleboard Triamine Curved Handle One Drawer Bedside Table	$55.85	+$3.99 shipping	https://i.ebayimg.com/thumbs/images/g/~XQAAOSw-zVkHW3Z/s-l225.jpg	No Watchers	Brand New
New ListingOak Wood Octagon Side Living Room End Table Nightstand w/ scratches	$0.33	+$2.00 shipping	https://i.ebayimg.com/thumbs/images/g/YLMAAOSwnbhkJwDN/s-l225.jpg	No Watchers	Pre-Owned
Nightstand Modern End Table, Side Table with 1 Drawer and Storage Shelf, White	$55.36	+$3.00 shipping	https://i.ebayimg.com/thumbs/images/g/IusAAOSw6DFkFXV-/s-l225.jpg	No Watchers	Brand New
New ListingSingle Layer Bamboo Side Table 40*37*59.5cm Round White Table Top Natural Wood T	$55.63	+$0.80 shipping	https://i.ebayimg.com/thumbs/images/g/alYAAOSw3PtkJnsu/s-l225.jpg	No Watchers	Brand New
6 Foot Heavy Duty Centerfold Folding Table Black Portable Outdoor Picnic Party	$15.00	Shipping not specified	https://i.ebayimg.com/thumbs/images/g/6QAAAOSw-c5jxcfC/s-l225.jpg	No Watchers	Pre-Owned
M6 M8 M10 Adjustable Table Chair Feet Leveling Glide Furniture Legs Pad Mat	$1.65 to $53.05	Shipping not specified	https://i.ebayimg.com/thumbs/images/g/K90AAOSwGYtjaL9s/s-l225.jpg	No Watchers	Brand New
Wooden Coffee Table With Storage Lift Top Up Drawer Shelf Living Room Furniture	$74.22 to $81.65	+$3.99 shipping	https://i.ebayimg.com/thumbs/images/g/4iIAAOSwRJNjj18G/s-l225.jpg	No Watchers	Brand New
HXL Folding Utility Table 6ft Fold-in-Half Portable Plastic Picnic Party Dining	$49.98	+$205.53 shipping	https://i.ebayimg.com/thumbs/images/g/kN8AAOSwPqtkHT4e/s-l225.jpg	58+ watchers	Brand New
Modern LED Light 2 Drawers Nightstand Storage Shelf Bedside End Table Cabinet wi	$55.98	Free shipping	https://i.ebayimg.com/thumbs/images/g/Z7kAAOSwlxFkHXBD/s-l225.jpg	3 watchers	Brand New
New ListingLloyd Flanders Loom Oval Glass Top Coffee Table	$158.41	+$3.99 shipping	https://i.ebayimg.com/thumbs/images/g/SZwAAOSwUXtkJwUa/s-l225.jpg	No Watchers	Brand New
Home Decor Modern Coffee Table Round Center For Living Room Nesting Table Gift	$200.00	+$127.70 shipping	https://i.ebayimg.com/thumbs/images/g/ys8AAOSwMI5kJvQh/s-l225.jpg	No Watchers	Pre-Owned
45*38*63cm Country Style Three Drawer Night Table Large Size Brown	$57.61	+$97.36 shipping	https://i.ebayimg.com/thumbs/images/g/29QAAOSwPgZkJYDm/s-l225.jpg	No Watchers	Brand New
Portable Adjustable Folding Laptop Desk Foldable Study Computer Bed Table Stand	$54.20	Shipping not specified	https://i.ebayimg.com/thumbs/images/g/RH4AAOSwBLdkHW22/s-l225.jpg	No Watchers	Brand New
Round Adirondack Side End Table Outdoor Small Coffee Table for Patio Garden Blue	$23.18	+$3.00 shipping	https://i.ebayimg.com/thumbs/images/g/stEAAOSwxhxfigci/s-l225.jpg	2 watchers	Brand New
New Listingliving room table, (really good condition)	$47.49	+$185.50 shipping	https://i.ebayimg.com/thumbs/images/g/jw0AAOSwhWdj7yXJ/s-l225.jpg	No Watchers	Brand New
New ListingRemovable E1 15MM Chipboard & Steel Side Table Wood Color S	$50.00	Free International Shipping	https://i.ebayimg.com/thumbs/images/g/GtAAAOSwiFdkJva4/s-l225.jpg	No Watchers	Pre-Owned
"32X20X20"" Prayer Bench, Padded kneeler Easy Fold-away Prayer Table Chair"	$75.00	Free International Shipping	https://i.ebayimg.com/thumbs/images/g/DYcAAOSwvIJkJnT5/s-l225.jpg	No Watchers	Brand New
10X Rubber Feet Protector Furniture Chair Table Leg Pads Floor Protector Black	$55.12	+$0.80 shipping	https://i.ebayimg.com/thumbs/images/g/4FUAAOSwtwph676~/s-l225.jpg	No Watchers	Brand New
12Pcs 10-25mm Rubber Furniture Leg Table Chair Foot Tips Cap Cover Pad Protector	$107.27	Free International Shipping	https://i.ebayimg.com/thumbs/images/g/2CEAAOSwKHNi9f63/s-l225.jpg	No Watchers	Brand New
Round Chair Leg Cap Rubber Feet Protector Pads Furniture Table Covers Bottom	$2.07 to $5.22	Free shipping	https://i.ebayimg.com/thumbs/images/g/g9kAAOSwYyhfkVms/s-l225.jpg	No Watchers	Brand New
12Pc Table Chair Feet Rubber Leg Tips Caps Floor Protectors for Indoor/Outdoor	$9.72	+$45.53 shipping	https://i.ebayimg.com/thumbs/images/g/4GAAAOSwc8xjF~ek/s-l225.jpg	No Watchers	Brand New
Wooden Side Table Living Room Solid Legs Nesting For Home Modern Coffe Table	$1.39 to $49.85	+$203.65 shipping	https://i.ebayimg.com/thumbs/images/g/SU8AAOSw3ZJhd6yS/s-l225.jpg	No Watchers	Brand New
"Round Side Table 18"" H x 15‚ÄùD Accent Table Nightstand White and Gold"	$5.44 to $10.61	+$23.13 shipping	https://i.ebayimg.com/thumbs/images/g/arIAAOSwG99kJX3j/s-l225.jpg	No Watchers	Brand New
White Folding TV Tray Portable Adjustable Height Sofa Bed Side Table Dinner Desk	$61.26	Shipping not specified	https://i.ebayimg.com/thumbs/images/g/Y2gAAOSws7Ni0f0s/s-l225.jpg	No Watchers	Brand New
Chair Leg Floor Protector Furniture Table Feet Cover Silicone Cap Pads Caps	$20.99	Free shipping	https://i.ebayimg.com/thumbs/images/g/1zMAAOSwFP1jKnLb/s-l225.jpg	No Watchers	Brand New
