	Product Name	Price	Starting bid	Payment Modes	Returns Policy	Brand	Material	Color	Type	Condition	eBay item number	Ships to	Item location	Shipping cost	Estimated delivery date
0	Malachite Round Top Coffee Table Top Semi Precious Mosaic Art Inlay Home Decor	US $333.00	Not Found	PayPal,Visa,Master Card,American Express,Discover	30 day returns. Seller pays for return shipping. See details- for more information about returns	Agra Heritage Marble Crafts	Marble	Green	Dining Table	New: A brand-new, unused, unopened, undamaged item in its original packaging (where packaging is ...  Read moreabout the conditionNew: A brand-new, unused, unopened, undamaged item in its original packaging (where packaging is applicable). Packaging should be the same as what is found in a retail store, unless the item is handmade or was packaged by the manufacturer in non-retail packaging, such as an unprinted box or plastic bag. See the seller's listing for full details. See all condition definitions	125624687528 	Worldwide	AGRA, UTTAR PRADESH, India	Free.Expedited International Shipping. 	Estimated between Fri, Jun 16 and Tue, Jul 4 to 400043
1	Live edge very old giant size, great shape, olive Acacia wood slab, coffee table	US $704.96	Not Found	PayPal,Visa,Master Card,American Express,Discover	30 day returns. Seller pays for return shipping. See details- for more information about returns	Tabletopsemporium	Wood	As Photo	Dining Table	New: A brand-new, unused, unopened, undamaged item in its original packaging (where packaging is ...  Read moreabout the conditionNew: A brand-new, unused, unopened, undamaged item in its original packaging (where packaging is applicable). Packaging should be the same as what is found in a retail store, unless the item is handmade or was packaged by the manufacturer in non-retail packaging, such as an unprinted box or plastic bag. See the seller's listing for full details. See all condition definitions	114858552175 	Worldwide	AGRA, UTTAR PRADESH, India	Free.Standard International Shipping. 	Estimated between Thu, Jun 15 and Fri, Jun 30 to 400043
2	Foldable Indoor Plastic Round Dining Table Portable Outdoor Picnic Desk w/Handle	US $105.99/ea	Not Found	PayPal,Visa,Master Card,American Express,Discover	30 day returns. Buyer pays for return shipping. See details- for more information about returns	MoNiBloom	PE/Steel	White	Folding Round Table with Handle	New: A brand-new, unused, unopened, undamaged item in its original packaging (where packaging is ...  Read moreabout the conditionNew: A brand-new, unused, unopened, undamaged item in its original packaging (where packaging is applicable). Packaging should be the same as what is found in a retail store, unless the item is handmade or was packaged by the manufacturer in non-retail packaging, such as an unprinted box or plastic bag. See the seller's listing for full details. See all condition definitions	134177164095 	Afghanistan, Albania, Algeria, Andorra, Angola, Anguilla, Antigua and Barbuda, Argentina, Armenia, Aruba, Australia, Austria, Azerbaijan Republic, Bahamas, Bahrain, Bangladesh, Belgium, Belize, Benin, Bermuda, Bhutan, Bolivia, Bosnia and Herzegovina, Botswana, Brazil, Brunei Darussalam, Bulgaria, Burkina Faso, Burundi, Cambodia, Cameroon, Canada, Cape Verde Islands, Cayman Islands, Central African Republic, Chad, Chile, China, Colombia, Costa Rica, Cyprus, Czech Republic, Côte d'Ivoire (Ivory Coast), Democratic Republic of the Congo, Denmark, Djibouti, Dominican Republic, Ecuador, Egypt, El Salvador, Equatorial Guinea, Eritrea, Estonia, Ethiopia, Fiji, Finland, France, Gabon Republic, Gambia, Georgia, Germany, Ghana, Gibraltar, Greece, Greenland, Grenada, Guatemala, Guinea, Guinea-Bissau, Guyana, Haiti, Honduras, Hong Kong, Hungary, Iceland, India, Indonesia, Ireland, Israel, Italy, Jamaica, Japan, Jordan, Kazakhstan, Kenya, Kiribati, Kuwait, Kyrgyzstan, Laos, Latvia, Lebanon, Lesotho, Liberia, Liechtenstein, Lithuania, Luxembourg, Macau, Macedonia, Madagascar, Malawi, Malaysia, Maldives, Mali, Malta, Mauritania, Mauritius, Mexico, Moldova, Monaco, Mongolia, Montenegro, Montserrat, Morocco, Mozambique, Namibia, Nauru, Nepal, Netherlands, New Zealand, Nicaragua, Niger, Nigeria, Norway, Oman, Pakistan, Panama, Papua New Guinea, Paraguay, Peru, Philippines, Poland, Portugal, Qatar, Republic of Croatia, Republic of the Congo, Romania, Rwanda, Saint Helena, Saint Kitts-Nevis, Saint Lucia, Saint Pierre and Miquelon, Saint Vincent and the Grenadines, San Marino, Saudi Arabia, Senegal, Serbia, Seychelles, Sierra Leone, Singapore, Slovakia, Slovenia, Solomon Islands, South Africa, South Korea, Spain, Sri Lanka, Suriname, Swaziland, Sweden, Switzerland, Taiwan, Tajikistan, Tanzania, Thailand, Togo, Tonga, Trinidad and Tobago, Tunisia, Turkmenistan, Turks and Caicos Islands, Uganda, United Arab Emirates, United Kingdom, United States, Uzbekistan, Vanuatu, Vatican City State, Vietnam, Wallis and Futuna, Western Samoa, Yemen, Zambia, Zimbabwe	Houston, TX, United States	US $14.12.eBay International ShippingShop worldwide with confidence including detailed tracking and hassle-free returns..Learn more. 	Estimated between Thu, May 11 and Wed, May 31 to 400043
3	Foldable Adjustable Height TV Tray Home Portable Sofa Bed Side Table Laptop Desk	US $38.99/ea	Not Found	PayPal,Visa,Master Card,American Express,Discover	30 day returns. Buyer pays for return shipping. See details- for more information about returns	MoNiBloom	PE/Steel	Not Found	TV Tray	New: A brand-new, unused, unopened, undamaged item in its original packaging (where packaging is ...  Read moreabout the conditionNew: A brand-new, unused, unopened, undamaged item in its original packaging (where packaging is applicable). Packaging should be the same as what is found in a retail store, unless the item is handmade or was packaged by the manufacturer in non-retail packaging, such as an unprinted box or plastic bag. See the seller's listing for full details. See all condition definitions	134246341723 	Afghanistan, Albania, Algeria, Andorra, Angola, Anguilla, Antigua and Barbuda, Argentina, Armenia, Aruba, Australia, Austria, Azerbaijan Republic, Bahamas, Bahrain, Bangladesh, Belgium, Belize, Benin, Bermuda, Bhutan, Bolivia, Bosnia and Herzegovina, Botswana, Brazil, Brunei Darussalam, Bulgaria, Burkina Faso, Burundi, Cambodia, Cameroon, Canada, Cape Verde Islands, Cayman Islands, Central African Republic, Chad, Chile, China, Colombia, Costa Rica, Cyprus, Czech Republic, Côte d'Ivoire (Ivory Coast), Democratic Republic of the Congo, Denmark, Djibouti, Dominican Republic, Ecuador, Egypt, El Salvador, Equatorial Guinea, Eritrea, Estonia, Ethiopia, Fiji, Finland, France, Gabon Republic, Gambia, Georgia, Germany, Ghana, Gibraltar, Greece, Greenland, Grenada, Guatemala, Guinea, Guinea-Bissau, Guyana, Haiti, Honduras, Hong Kong, Hungary, Iceland, India, Indonesia, Ireland, Israel, Italy, Jamaica, Japan, Jordan, Kazakhstan, Kenya, Kiribati, Kuwait, Kyrgyzstan, Laos, Latvia, Lebanon, Lesotho, Liberia, Liechtenstein, Lithuania, Luxembourg, Macau, Macedonia, Madagascar, Malawi, Malaysia, Maldives, Mali, Malta, Mauritania, Mauritius, Mexico, Moldova, Monaco, Mongolia, Montenegro, Montserrat, Morocco, Mozambique, Namibia, Nauru, Nepal, Netherlands, New Zealand, Nicaragua, Niger, Nigeria, Norway, Oman, Pakistan, Panama, Papua New Guinea, Paraguay, Peru, Philippines, Poland, Portugal, Qatar, Republic of Croatia, Republic of the Congo, Romania, Rwanda, Saint Helena, Saint Kitts-Nevis, Saint Lucia, Saint Pierre and Miquelon, Saint Vincent and the Grenadines, San Marino, Saudi Arabia, Senegal, Serbia, Seychelles, Sierra Leone, Singapore, Slovakia, Slovenia, Solomon Islands, South Africa, South Korea, Spain, Sri Lanka, Suriname, Swaziland, Sweden, Switzerland, Taiwan, Tajikistan, Tanzania, Thailand, Togo, Tonga, Trinidad and Tobago, Tunisia, Turkmenistan, Turks and Caicos Islands, Uganda, United Arab Emirates, United Kingdom, United States, Uzbekistan, Vanuatu, Vatican City State, Vietnam, Wallis and Futuna, Western Samoa, Yemen, Zambia, Zimbabwe	Houston, TX, United States	US $13.12.eBay International ShippingShop worldwide with confidence including detailed tracking and hassle-free returns..Learn more. 	Estimated between Thu, May 11 and Wed, May 31 to 400043
4	End Table Espresso Storage Living Room Half Round Table Moon Drawer Shelf Design	US $55.15	Not Found	PayPal,Visa,Master Card,American Express,Discover	30 day returns. Buyer pays for return shipping. See details- for more information about returns	MegaHome	Wood	Dark Brown	End Table	New: A brand-new, unused, unopened, undamaged item in its original packaging (where packaging is ...  Read moreabout the conditionNew: A brand-new, unused, unopened, undamaged item in its original packaging (where packaging is applicable). Packaging should be the same as what is found in a retail store, unless the item is handmade or was packaged by the manufacturer in non-retail packaging, such as an unprinted box or plastic bag. See the seller's listing for full details. See all condition definitions	253496191779 	Afghanistan, Albania, Algeria, Andorra, Angola, Anguilla, Antigua and Barbuda, Argentina, Armenia, Aruba, Australia, Austria, Azerbaijan Republic, Bahamas, Bahrain, Bangladesh, Belgium, Belize, Benin, Bermuda, Bhutan, Bolivia, Bosnia and Herzegovina, Botswana, Brazil, Brunei Darussalam, Bulgaria, Burkina Faso, Burundi, Cambodia, Cameroon, Canada, Cape Verde Islands, Cayman Islands, Central African Republic, Chad, Chile, China, Colombia, Costa Rica, Cyprus, Czech Republic, Côte d'Ivoire (Ivory Coast), Democratic Republic of the Congo, Denmark, Djibouti, Dominican Republic, Ecuador, Egypt, El Salvador, Equatorial Guinea, Eritrea, Estonia, Ethiopia, Fiji, Finland, France, Gabon Republic, Gambia, Georgia, Germany, Ghana, Gibraltar, Greece, Greenland, Grenada, Guatemala, Guinea, Guinea-Bissau, Guyana, Haiti, Honduras, Hong Kong, Hungary, Iceland, India, Indonesia, Ireland, Israel, Italy, Jamaica, Japan, Jordan, Kazakhstan, Kenya, Kiribati, Kuwait, Kyrgyzstan, Laos, Latvia, Lebanon, Lesotho, Liberia, Liechtenstein, Lithuania, Luxembourg, Macau, Macedonia, Madagascar, Malawi, Malaysia, Maldives, Mali, Malta, Mauritania, Mauritius, Mexico, Moldova, Monaco, Mongolia, Montenegro, Montserrat, Morocco, Mozambique, Namibia, Nauru, Nepal, Netherlands, New Zealand, Nicaragua, Niger, Nigeria, Norway, Oman, Pakistan, Panama, Papua New Guinea, Paraguay, Peru, Philippines, Poland, Portugal, Qatar, Republic of Croatia, Republic of the Congo, Romania, Rwanda, Saint Helena, Saint Kitts-Nevis, Saint Lucia, Saint Pierre and Miquelon, Saint Vincent and the Grenadines, San Marino, Saudi Arabia, Senegal, Serbia, Seychelles, Sierra Leone, Singapore, Slovakia, Slovenia, Solomon Islands, South Africa, South Korea, Spain, Sri Lanka, Suriname, Swaziland, Sweden, Switzerland, Taiwan, Tajikistan, Tanzania, Thailand, Togo, Tonga, Trinidad and Tobago, Tunisia, Turkmenistan, Turks and Caicos Islands, Uganda, United Arab Emirates, United Kingdom, United States, Uzbekistan, Vanuatu, Vatican City State, Vietnam, Wallis and Futuna, Western Samoa, Yemen, Zambia, Zimbabwe	Englewood, Colorado, United States	US $203.98.eBay International ShippingShop worldwide with confidence including detailed tracking and hassle-free returns..Learn more. 	Estimated between Thu, May 11 and Wed, May 31 to 400043
5	Industrial Style Porch Table Single Layer Black Oak Triamine Board [105 * 30 * 7	US $55.87	Not Found	PayPal,Visa,Master Card,American Express,Discover	Seller does not accept returns. See details- for more information about returns	Unbranded	Not Found	Not Found	Bar Table	New: A brand-new, unused, unopened, undamaged item in its original packaging (where packaging is ...  Read moreabout the conditionNew: A brand-new, unused, unopened, undamaged item in its original packaging (where packaging is applicable). Packaging should be the same as what is found in a retail store, unless the item is handmade or was packaged by the manufacturer in non-retail packaging, such as an unprinted box or plastic bag. See the seller's listing for full details. See all condition definitions	295583123463 	Worldwide	china, China	US $3.99.SpeedPAK Standard. 	Estimated between Tue, Apr 18 and Mon, May 22 to 400043
6	Industrial Style Porch Table Single Layer Light Walnut Color Triamine Board	US $55.63	Not Found	PayPal,Visa,Master Card,American Express,Discover	Seller does not accept returns. See details- for more information about returns	Unbranded	Not Found	Not Found	Bar Table	New: A brand-new, unused, unopened, undamaged item in its original packaging (where packaging is ...  Read moreabout the conditionNew: A brand-new, unused, unopened, undamaged item in its original packaging (where packaging is applicable). Packaging should be the same as what is found in a retail store, unless the item is handmade or was packaged by the manufacturer in non-retail packaging, such as an unprinted box or plastic bag. See the seller's listing for full details. See all condition definitions	314481011464 	Worldwide	china, China	US $3.99.SpeedPAK Standard. 	Estimated between Tue, Apr 18 and Mon, May 22 to 400043
7	46*46*46cm Single Layer Round HDPE Side Table Black	US $54.69	Not Found	PayPal,Visa,Master Card,American Express,Discover	Seller does not accept returns. See details- for more information about returns	Unbranded	Not Found	Black	End & Side Tables	New: A brand-new, unused, unopened, undamaged item in its original packaging (where packaging is ...  Read moreabout the conditionNew: A brand-new, unused, unopened, undamaged item in its original packaging (where packaging is applicable). Packaging should be the same as what is found in a retail store, unless the item is handmade or was packaged by the manufacturer in non-retail packaging, such as an unprinted box or plastic bag. See the seller's listing for full details. See all condition definitions	175655606617 	Worldwide	china, China	US $2.00.SpeedPAK Economy. 	Estimated between Mon, May 8 and Wed, Jun 21 to 400043
8	Silicone Chair Leg Caps Covers Furniture Table Feet Pads Floor Protectors	GBP 1.95	Not Found	PayPal,Visa,Master Card,American Express	30 day returns. Buyer pays for return shipping. See details- for more information about returns	Unbranded	Silicone	Not Found	Leg Tip Pad	New: A brand-new, unused, unopened, undamaged item in its original packaging (where packaging is ...  Read moreabout the conditionNew: A brand-new, unused, unopened, undamaged item in its original packaging (where packaging is applicable). Packaging should be the same as what is found in a retail store, unless the item is handmade or was packaged by the manufacturer in non-retail packaging, such as an unprinted box or plastic bag. See the seller's listing for full details. See all condition definitions	265473237961 	Worldwide	Guangzhou, China	Free.Economy Shipping. 	Estimated between Wed, Apr 26 and Mon, May 8 to 400043
9	Million Dollar Cube Side Table - coffee side table great for home and office	US $260.00/ea	Not Found	PayPal,Visa,Master Card,American Express,Discover	30 day returns. Buyer pays for return shipping. See details- for more information about returns	casanarco	Plywood	full color art	Side Table	New: A brand-new, unused, unopened, undamaged item in its original packaging (where packaging is ...  Read moreabout the conditionNew: A brand-new, unused, unopened, undamaged item in its original packaging (where packaging is applicable). Packaging should be the same as what is found in a retail store, unless the item is handmade or was packaged by the manufacturer in non-retail packaging, such as an unprinted box or plastic bag. See the seller's listing for full details. See all condition definitions	283997113265 	Worldwide	Miami, Florida, United States	US $1,307.69.UPS Worldwide SaverSM. 	Estimated between Mon, Apr 10 and Mon, Apr 24 to 400043 Delivery time is estimated using our proprietary method which is based on the buyer's proximity to the item location, the shipping service selected, the seller's shipping history, and other factors. Delivery times may vary, especially during peak periods. Please allow additional time if international delivery is subject to customs processing.
10	Million Dollar Cube Side Table - With Free Money Stack	US $284.00/ea	Not Found	PayPal,Visa,Master Card,American Express,Discover	14 day returns. Buyer pays for return shipping. See details- for more information about returns	casanarco	Wood & Vinyl	full color art	Side Table	New: A brand-new, unused, unopened, undamaged item in its original packaging (where packaging is ...  Read moreabout the conditionNew: A brand-new, unused, unopened, undamaged item in its original packaging (where packaging is applicable). Packaging should be the same as what is found in a retail store, unless the item is handmade or was packaged by the manufacturer in non-retail packaging, such as an unprinted box or plastic bag. See the seller's listing for full details. See all condition definitions	284402248308 	Worldwide	Miami, Florida, United States	US $1,058.69.UPS Worldwide SaverSM. 	Estimated between Mon, Apr 10 and Mon, Apr 24 to 400043 Delivery time is estimated using our proprietary method which is based on the buyer's proximity to the item location, the shipping service selected, the seller's shipping history, and other factors. Delivery times may vary, especially during peak periods. Please allow additional time if international delivery is subject to customs processing.
11	CRZDEAL TV Tray Table - 22'' TV Dinner Tray 6 Adjustable Height Settings TV-01	US $29.95	Not Found	PayPal,Visa,Master Card,American Express,Discover	30 day returns. Buyer pays for return shipping. See details- for more information about returns	Table	Not Found	Not Found	TV Tray	New: A brand-new, unused, unopened, undamaged item in its original packaging (where packaging is ...  Read moreabout the conditionNew: A brand-new, unused, unopened, undamaged item in its original packaging (where packaging is applicable). Packaging should be the same as what is found in a retail store, unless the item is handmade or was packaged by the manufacturer in non-retail packaging, such as an unprinted box or plastic bag. See the seller's listing for full details. See all condition definitions	195178653961 	Afghanistan, Albania, Algeria, Andorra, Angola, Anguilla, Antigua and Barbuda, Argentina, Armenia, Aruba, Australia, Austria, Azerbaijan Republic, Bahamas, Bahrain, Bangladesh, Belgium, Belize, Benin, Bermuda, Bhutan, Bolivia, Bosnia and Herzegovina, Botswana, Brazil, Brunei Darussalam, Bulgaria, Burkina Faso, Burundi, Cambodia, Cameroon, Canada, Cape Verde Islands, Cayman Islands, Central African Republic, Chad, Chile, China, Colombia, Costa Rica, Cyprus, Czech Republic, Côte d'Ivoire (Ivory Coast), Democratic Republic of the Congo, Denmark, Djibouti, Dominican Republic, Ecuador, Egypt, El Salvador, Equatorial Guinea, Eritrea, Estonia, Ethiopia, Fiji, Finland, France, Gabon Republic, Gambia, Georgia, Germany, Ghana, Gibraltar, Greece, Greenland, Grenada, Guatemala, Guinea, Guinea-Bissau, Guyana, Haiti, Honduras, Hong Kong, Hungary, Iceland, India, Indonesia, Ireland, Israel, Italy, Jamaica, Japan, Jordan, Kazakhstan, Kenya, Kiribati, Kuwait, Kyrgyzstan, Laos, Latvia, Lebanon, Lesotho, Liberia, Liechtenstein, Lithuania, Luxembourg, Macau, Macedonia, Madagascar, Malawi, Malaysia, Maldives, Mali, Malta, Mauritania, Mauritius, Mexico, Moldova, Monaco, Mongolia, Montenegro, Montserrat, Morocco, Mozambique, Namibia, Nauru, Nepal, Netherlands, New Zealand, Nicaragua, Niger, Nigeria, Norway, Oman, Pakistan, Panama, Papua New Guinea, Paraguay, Peru, Philippines, Poland, Portugal, Qatar, Republic of Croatia, Republic of the Congo, Romania, Rwanda, Saint Helena, Saint Kitts-Nevis, Saint Lucia, Saint Pierre and Miquelon, Saint Vincent and the Grenadines, San Marino, Saudi Arabia, Senegal, Serbia, Seychelles, Sierra Leone, Singapore, Slovakia, Slovenia, Solomon Islands, South Africa, South Korea, Spain, Sri Lanka, Suriname, Swaziland, Sweden, Switzerland, Taiwan, Tajikistan, Tanzania, Thailand, Togo, Tonga, Trinidad and Tobago, Tunisia, Turkmenistan, Turks and Caicos Islands, Uganda, United Arab Emirates, United Kingdom, United States, Uzbekistan, Vanuatu, Vatican City State, Vietnam, Wallis and Futuna, Western Samoa, Yemen, Zambia, Zimbabwe	Las Vegas, Nevada, United States	US $75.03.eBay International ShippingShop worldwide with confidence including detailed tracking and hassle-free returns..Learn more. 	Estimated between Thu, May 11 and Wed, May 31 to 400043
12	Rolling Computer Desk Laptop PC Coner Table Desktop w/ Rolling Wheel Home Office	US $38.69	Not Found	PayPal,Visa,Master Card,American Express,Discover	Seller does not accept returns. See details- for more information about returns	FCH	Not Found	Black	Computer Desk	New: A brand-new, unused, unopened, undamaged item in its original packaging (where packaging is ...  Read moreabout the conditionNew: A brand-new, unused, unopened, undamaged item in its original packaging (where packaging is applicable). Packaging should be the same as what is found in a retail store, unless the item is handmade or was packaged by the manufacturer in non-retail packaging, such as an unprinted box or plastic bag. See the seller's listing for full details. See all condition definitions	404202395176 	Worldwide	XiXianXinQu, null, China	Free.SpeedPAK Standard. 	Estimated between Tue, May 2 and Mon, Jun 5 to 400043
13	Portable Adjustable Folding Laptop Desk Foldable Study Computer Bed Table Stand	US $19.99/ea	Not Found	PayPal,Visa,Master Card,American Express,Discover	30 day returns. Buyer pays for return shipping. See details- for more information about returns	Unbranded	Aluminum, MDF	Not Found	Desk	New: A brand-new, unused, unopened, undamaged item in its original packaging (where packaging is ...  Read moreabout the conditionNew: A brand-new, unused, unopened, undamaged item in its original packaging (where packaging is applicable). Packaging should be the same as what is found in a retail store, unless the item is handmade or was packaged by the manufacturer in non-retail packaging, such as an unprinted box or plastic bag. See the seller's listing for full details. See all condition definitions	303730033918 	Afghanistan, Albania, Algeria, Andorra, Angola, Anguilla, Antigua and Barbuda, Argentina, Armenia, Aruba, Australia, Austria, Azerbaijan Republic, Bahamas, Bahrain, Bangladesh, Belgium, Belize, Benin, Bermuda, Bhutan, Bolivia, Bosnia and Herzegovina, Botswana, Brazil, Brunei Darussalam, Bulgaria, Burkina Faso, Burundi, Cambodia, Cameroon, Canada, Cape Verde Islands, Cayman Islands, Central African Republic, Chad, Chile, China, Colombia, Costa Rica, Cyprus, Czech Republic, Côte d'Ivoire (Ivory Coast), Democratic Republic of the Congo, Denmark, Djibouti, Dominican Republic, Ecuador, Egypt, El Salvador, Equatorial Guinea, Eritrea, Estonia, Ethiopia, Fiji, Finland, France, Gabon Republic, Gambia, Georgia, Germany, Ghana, Gibraltar, Greece, Greenland, Grenada, Guatemala, Guinea, Guinea-Bissau, Guyana, Haiti, Honduras, Hong Kong, Hungary, Iceland, India, Indonesia, Iraq, Ireland, Israel, Italy, Jamaica, Japan, Jordan, Kazakhstan, Kenya, Kiribati, Kuwait, Kyrgyzstan, Laos, Latvia, Lebanon, Lesotho, Liberia, Liechtenstein, Lithuania, Luxembourg, Macau, Macedonia, Madagascar, Malawi, Malaysia, Maldives, Mali, Malta, Mauritania, Mauritius, Mexico, Moldova, Monaco, Mongolia, Montenegro, Montserrat, Morocco, Mozambique, Namibia, Nauru, Nepal, Netherlands, New Zealand, Nicaragua, Niger, Nigeria, Norway, Oman, Pakistan, Panama, Papua New Guinea, Paraguay, Peru, Philippines, Poland, Portugal, Qatar, Republic of Croatia, Republic of the Congo, Romania, Rwanda, Saint Helena, Saint Kitts-Nevis, Saint Lucia, Saint Pierre and Miquelon, Saint Vincent and the Grenadines, San Marino, Saudi Arabia, Senegal, Serbia, Seychelles, Sierra Leone, Singapore, Slovakia, Slovenia, Solomon Islands, South Africa, South Korea, Spain, Sri Lanka, Suriname, Swaziland, Sweden, Switzerland, Taiwan, Tajikistan, Tanzania, Thailand, Togo, Tonga, Trinidad and Tobago, Tunisia, Turkmenistan, Turks and Caicos Islands, Uganda, United Arab Emirates, United Kingdom, United States, Uzbekistan, Vanuatu, Vatican City State, Vietnam, Wallis and Futuna, Western Samoa, Yemen, Zambia, Zimbabwe	El Monte, California, United States	US $49.98.eBay International ShippingShop worldwide with confidence including detailed tracking and hassle-free returns..Learn more. 	Estimated between Thu, May 11 and Wed, May 31 to 400043
14	4X Chair Leg Cap Silicon Rubber Feet Floor Protector Pad Furniture Table Cover	GBP 2.53	Not Found	PayPal,Visa,Master Card,American Express	30 day returns. Seller pays for return shipping. See details- for more information about returns	Unbranded	Not Found	Not Found	/	New: A brand-new, unused, unopened, undamaged item in its original packaging (where packaging is ...  Read moreabout the conditionNew: A brand-new, unused, unopened, undamaged item in its original packaging (where packaging is applicable). Packaging should be the same as what is found in a retail store, unless the item is handmade or was packaged by the manufacturer in non-retail packaging, such as an unprinted box or plastic bag. See the seller's listing for full details. See all condition definitions	403595806095 	Worldwide	putian, China	Free.Economy Shipping. 	Estimated between Mon, Apr 24 and Mon, May 29 to 400043
15	Sofa Side Table with Storage Shelf Metal Frame for Home Decor Dining Room	US $40.99	Not Found	PayPal,Visa,Master Card,American Express,Discover	30 day returns. Buyer pays for return shipping. See details- for more information about returns	Unbranded	metal	Not Found	Coffee Table	New: A brand-new, unused, unopened, undamaged item in its original packaging (where packaging is ...  Read moreabout the conditionNew: A brand-new, unused, unopened, undamaged item in its original packaging (where packaging is applicable). Packaging should be the same as what is found in a retail store, unless the item is handmade or was packaged by the manufacturer in non-retail packaging, such as an unprinted box or plastic bag. See the seller's listing for full details. See all condition definitions	304710855999 	Worldwide	Shenzhen, China	US $8.00.Economy Shipping from Greater China to worldwide. 	Estimated between Mon, Apr 24 and Tue, May 9 to 400043
16	"21 3/4"" Round Solid Oak Pedestal Table For Repair"	US $75.00	Not Found	PayPal,Visa,Master Card,American Express,Discover	30 day returns. Buyer pays for return shipping. See details- for more information about returns	Unbranded	Not Found	Not Found	Table	Used:An item that has been used previously. The item may have some signs of cosmetic wear, but is fully operational and functions as intended. This item may be a floor model or store return that has been used. See the seller’s listing for full details and description of any imperfections. See all condition definitions	234953392493 	Afghanistan, Albania, Algeria, Andorra, Angola, Anguilla, Antigua and Barbuda, Argentina, Armenia, Aruba, Australia, Austria, Azerbaijan Republic, Bahamas, Bahrain, Bangladesh, Belgium, Belize, Benin, Bermuda, Bhutan, Bolivia, Bosnia and Herzegovina, Botswana, Brazil, Brunei Darussalam, Bulgaria, Burkina Faso, Burundi, Cambodia, Cameroon, Canada, Cape Verde Islands, Cayman Islands, Central African Republic, Chad, Chile, China, Colombia, Costa Rica, Cyprus, Czech Republic, Côte d'Ivoire (Ivory Coast), Democratic Republic of the Congo, Denmark, Djibouti, Dominican Republic, Ecuador, Egypt, El Salvador, Equatorial Guinea, Eritrea, Estonia, Ethiopia, Fiji, Finland, France, Gabon Republic, Gambia, Georgia, Germany, Ghana, Gibraltar, Greece, Greenland, Grenada, Guatemala, Guinea, Guinea-Bissau, Guyana, Haiti, Honduras, Hong Kong, Hungary, Iceland, India, Indonesia, Ireland, Israel, Italy, Jamaica, Japan, Jordan, Kazakhstan, Kenya, Kiribati, Kuwait, Kyrgyzstan, Laos, Latvia, Lebanon, Lesotho, Liberia, Liechtenstein, Lithuania, Luxembourg, Macau, Macedonia, Madagascar, Malawi, Malaysia, Maldives, Mali, Malta, Mauritania, Mauritius, Mexico, Moldova, Monaco, Mongolia, Montenegro, Montserrat, Morocco, Mozambique, Namibia, Nauru, Nepal, Netherlands, Nicaragua, Niger, Nigeria, Norway, Oman, Pakistan, Panama, Papua New Guinea, Paraguay, Peru, Philippines, Poland, Portugal, Qatar, Republic of Croatia, Republic of the Congo, Romania, Rwanda, Saint Helena, Saint Kitts-Nevis, Saint Lucia, Saint Pierre and Miquelon, Saint Vincent and the Grenadines, San Marino, Saudi Arabia, Senegal, Serbia, Seychelles, Sierra Leone, Singapore, Slovakia, Slovenia, Solomon Islands, South Africa, South Korea, Spain, Sri Lanka, Suriname, Swaziland, Sweden, Switzerland, Taiwan, Tajikistan, Tanzania, Thailand, Togo, Tonga, Trinidad and Tobago, Tunisia, Turkmenistan, Turks and Caicos Islands, Uganda, United Arab Emirates, United Kingdom, United States, Uzbekistan, Vanuatu, Vatican City State, Vietnam, Wallis and Futuna, Western Samoa, Yemen, Zambia, Zimbabwe	Santa Fe, New Mexico, United States	Will ship to India. Read item description or contact seller for shipping options. 	Varies
17	Height Adjustable Notebook Laptop Computer Desk Portable Table Sofa Bed Tray	US $38.99/ea	Not Found	PayPal,Visa,Master Card,American Express,Discover	30 day returns. Buyer pays for return shipping. See details- for more information about returns	Unbranded	Carbon steel	Not Found	Desk	New: A brand-new, unused, unopened, undamaged item in its original packaging (where packaging is ...  Read moreabout the conditionNew: A brand-new, unused, unopened, undamaged item in its original packaging (where packaging is applicable). Packaging should be the same as what is found in a retail store, unless the item is handmade or was packaged by the manufacturer in non-retail packaging, such as an unprinted box or plastic bag. See the seller's listing for full details. See all condition definitions	303729898354 	Afghanistan, Albania, Algeria, Andorra, Angola, Anguilla, Antigua and Barbuda, Argentina, Armenia, Aruba, Australia, Austria, Azerbaijan Republic, Bahamas, Bahrain, Bangladesh, Belgium, Belize, Benin, Bermuda, Bhutan, Bolivia, Bosnia and Herzegovina, Botswana, Brazil, Brunei Darussalam, Bulgaria, Burkina Faso, Burundi, Cambodia, Cameroon, Canada, Cape Verde Islands, Cayman Islands, Central African Republic, Chad, Chile, China, Colombia, Costa Rica, Cyprus, Czech Republic, Côte d'Ivoire (Ivory Coast), Democratic Republic of the Congo, Denmark, Djibouti, Dominican Republic, Ecuador, Egypt, El Salvador, Equatorial Guinea, Eritrea, Estonia, Ethiopia, Fiji, Finland, France, Gabon Republic, Gambia, Georgia, Germany, Ghana, Gibraltar, Greece, Greenland, Grenada, Guatemala, Guinea, Guinea-Bissau, Guyana, Haiti, Honduras, Hong Kong, Hungary, Iceland, India, Indonesia, Iraq, Ireland, Israel, Italy, Jamaica, Japan, Jordan, Kazakhstan, Kenya, Kiribati, Kuwait, Kyrgyzstan, Laos, Latvia, Lebanon, Lesotho, Liberia, Liechtenstein, Lithuania, Luxembourg, Macau, Macedonia, Madagascar, Malawi, Malaysia, Maldives, Mali, Malta, Mauritania, Mauritius, Mexico, Moldova, Monaco, Mongolia, Montenegro, Montserrat, Morocco, Mozambique, Namibia, Nauru, Nepal, Netherlands, New Zealand, Nicaragua, Niger, Nigeria, Norway, Oman, Pakistan, Panama, Papua New Guinea, Paraguay, Peru, Philippines, Poland, Portugal, Qatar, Republic of Croatia, Republic of the Congo, Romania, Rwanda, Saint Helena, Saint Kitts-Nevis, Saint Lucia, Saint Pierre and Miquelon, Saint Vincent and the Grenadines, San Marino, Saudi Arabia, Senegal, Serbia, Seychelles, Sierra Leone, Singapore, Slovakia, Slovenia, Solomon Islands, South Africa, South Korea, Spain, Sri Lanka, Suriname, Swaziland, Sweden, Switzerland, Taiwan, Tajikistan, Tanzania, Thailand, Togo, Tonga, Trinidad and Tobago, Tunisia, Turkmenistan, Turks and Caicos Islands, Uganda, United Arab Emirates, United Kingdom, United States, Uzbekistan, Vanuatu, Vatican City State, Vietnam, Wallis and Futuna, Western Samoa, Yemen, Zambia, Zimbabwe	El Monte, California, United States	US $75.16.eBay International ShippingShop worldwide with confidence including detailed tracking and hassle-free returns..Learn more. 	Estimated between Thu, May 11 and Wed, May 31 to 400043
18	Murphy Folding Table Space Saving Wall Mounted Foldable Dining Kitchen Table	US $319.95/ea	Not Found	PayPal,Visa,Master Card,American Express,Discover	30 day returns. Buyer pays for return shipping. See details- for more information about returns	Branded	Chipboard	Not Found	Folding Murphy Dining Table	New: A brand-new, unused, unopened, undamaged item in its original packaging (where packaging is ...  Read moreabout the conditionNew: A brand-new, unused, unopened, undamaged item in its original packaging (where packaging is applicable). Packaging should be the same as what is found in a retail store, unless the item is handmade or was packaged by the manufacturer in non-retail packaging, such as an unprinted box or plastic bag. See the seller's listing for full details. See all condition definitions	334580984616 	Worldwide	ANKARA, Turkey	US $90.00.FedEx International Priority®. 	Estimated between Tue, Apr 18 and Tue, May 2 to 400043
19	Living Room Best Table For Decor Home Modern Coffee Table Round Nesting Gift	US $59.80	Not Found	PayPal,Visa,Master Card,American Express,Discover	30 day returns. Seller pays for return shipping. See details- for more information about returns	Unbranded	Wood	Black	Table	New: A brand-new, unused, unopened, undamaged item in its original packaging (where packaging is ...  Read moreabout the conditionNew: A brand-new, unused, unopened, undamaged item in its original packaging (where packaging is applicable). Packaging should be the same as what is found in a retail store, unless the item is handmade or was packaged by the manufacturer in non-retail packaging, such as an unprinted box or plastic bag. See the seller's listing for full details. See all condition definitions	364199950938 	Worldwide	SAHARANPUR, UTTAR PRADESH, India	Free.UPS Worldwide ExpressSM. 	Estimated between Thu, Apr 6 and Mon, Apr 10 to 400043
20	"15"" Triangle Shape Wood Stool with Brass Work | Wooden Sitting Table | Handmade"	US $79.00	Not Found	PayPal,Visa,Master Card,American Express,Discover	Seller does not accept returns. See details- for more information about returns	Handmade	Wood	Gold	Console Table	New: A brand-new, unused, unopened, undamaged item in its original packaging (where packaging is ...  Read moreabout the conditionNew: A brand-new, unused, unopened, undamaged item in its original packaging (where packaging is applicable). Packaging should be the same as what is found in a retail store, unless the item is handmade or was packaged by the manufacturer in non-retail packaging, such as an unprinted box or plastic bag. See the seller's listing for full details. See all condition definitions	314493577197 	Worldwide	Delhi, DELHI, India	Free.Economy International Shipping. 	Estimated between Thu, Apr 27 and Fri, May 12 to 400043
21	46*46*46cm Single Layer Round HDPE Side Table White	US $55.32	Not Found	PayPal,Visa,Master Card,American Express,Discover	Seller does not accept returns. See details- for more information about returns	Unbranded	Not Found	Not Found	Bar Table	New: A brand-new, unused, unopened, undamaged item in its original packaging (where packaging is ...  Read moreabout the conditionNew: A brand-new, unused, unopened, undamaged item in its original packaging (where packaging is applicable). Packaging should be the same as what is found in a retail store, unless the item is handmade or was packaged by the manufacturer in non-retail packaging, such as an unprinted box or plastic bag. See the seller's listing for full details. See all condition definitions	314481011474 	Worldwide	china, China	US $3.99.SpeedPAK Standard. 	Estimated between Tue, Apr 18 and Mon, May 22 to 400043
22	dining table base	Not Found	US $500.00	PayPal,Visa,Master Card,American Express,Discover	Seller does not accept returns. See details- for more information about returns	Unbranded	Not Found	Not Found	Dining Table	Used: An item that has been used previously. The item may have some signs of cosmetic wear, but is ...  Read moreabout the conditionUsed: An item that has been used previously. The item may have some signs of cosmetic wear, but is fully operational and functions as intended. This item may be a floor model or store return that has been used. See the seller’s listing for full details and description of any imperfections. See all condition definitions	354687239103 	United States	Miami, Florida, United States	May not ship to India. Read item description or contact seller for shipping options. 	Varies
23	Round[360-DEGREE SWIVEL]Counter Pub Bar Table Adjustable Height Wooden Tabletop	US $59.99/ea	Not Found	PayPal,Visa,Master Card,American Express,Discover	30 day returns. Buyer pays for return shipping. See details- for more information about returns	MoNiBloom	Wood, Chrome	Not Found	Bar Table	New: A brand-new, unused, unopened, undamaged item in its original packaging (where packaging is ...  Read moreabout the conditionNew: A brand-new, unused, unopened, undamaged item in its original packaging (where packaging is applicable). Packaging should be the same as what is found in a retail store, unless the item is handmade or was packaged by the manufacturer in non-retail packaging, such as an unprinted box or plastic bag. See the seller's listing for full details. See all condition definitions	144897000471 	Afghanistan, Albania, Algeria, Andorra, Angola, Anguilla, Antigua and Barbuda, Argentina, Armenia, Aruba, Australia, Austria, Azerbaijan Republic, Bahamas, Bahrain, Bangladesh, Belgium, Belize, Benin, Bermuda, Bhutan, Bolivia, Bosnia and Herzegovina, Botswana, Brazil, Brunei Darussalam, Bulgaria, Burkina Faso, Burundi, Cambodia, Cameroon, Canada, Cape Verde Islands, Cayman Islands, Central African Republic, Chad, Chile, China, Colombia, Costa Rica, Cyprus, Czech Republic, Côte d'Ivoire (Ivory Coast), Democratic Republic of the Congo, Denmark, Djibouti, Dominican Republic, Ecuador, Egypt, El Salvador, Equatorial Guinea, Eritrea, Estonia, Ethiopia, Fiji, Finland, France, Gabon Republic, Gambia, Georgia, Germany, Ghana, Gibraltar, Greece, Greenland, Grenada, Guatemala, Guinea, Guinea-Bissau, Guyana, Haiti, Honduras, Hong Kong, Hungary, Iceland, India, Indonesia, Ireland, Israel, Italy, Jamaica, Japan, Jordan, Kazakhstan, Kenya, Kiribati, Kuwait, Kyrgyzstan, Laos, Latvia, Lebanon, Lesotho, Liberia, Liechtenstein, Lithuania, Luxembourg, Macau, Macedonia, Madagascar, Malawi, Malaysia, Maldives, Mali, Malta, Mauritania, Mauritius, Mexico, Moldova, Monaco, Mongolia, Montenegro, Montserrat, Morocco, Mozambique, Namibia, Nauru, Nepal, Netherlands, Nicaragua, Niger, Nigeria, Norway, Oman, Pakistan, Panama, Papua New Guinea, Paraguay, Peru, Philippines, Poland, Portugal, Qatar, Republic of Croatia, Republic of the Congo, Romania, Rwanda, Saint Helena, Saint Kitts-Nevis, Saint Lucia, Saint Pierre and Miquelon, Saint Vincent and the Grenadines, San Marino, Saudi Arabia, Senegal, Serbia, Seychelles, Sierra Leone, Singapore, Slovakia, Slovenia, Solomon Islands, South Africa, South Korea, Spain, Sri Lanka, Suriname, Swaziland, Sweden, Switzerland, Taiwan, Tajikistan, Tanzania, Thailand, Togo, Tonga, Trinidad and Tobago, Tunisia, Turkmenistan, Turks and Caicos Islands, Uganda, United Arab Emirates, United Kingdom, United States, Uzbekistan, Vanuatu, Vatican City State, Vietnam, Wallis and Futuna, Western Samoa, Yemen, Zambia, Zimbabwe	Houston,TX, United States	US $13.43.eBay International ShippingShop worldwide with confidence including detailed tracking and hassle-free returns..Learn more. 	Estimated between Thu, May 11 and Wed, May 31 to 400043
24	herman miller noguchi Coffee Table dowel pin assembly part	US $89.00	Not Found	PayPal,Visa,Master Card,American Express,Discover	30 day returns. Buyer pays for return shipping. See details- for more information about returns	Herman Miller	Not Found	Not Found	Coffee Table	New: A brand-new, unused, unopened, undamaged item in its original packaging (where packaging is ...  Read moreabout the conditionNew: A brand-new, unused, unopened, undamaged item in its original packaging (where packaging is applicable). Packaging should be the same as what is found in a retail store, unless the item is handmade or was packaged by the manufacturer in non-retail packaging, such as an unprinted box or plastic bag. See the seller's listing for full details. See all condition definitions	266178394032 	Afghanistan, Albania, Algeria, Andorra, Angola, Anguilla, Antigua and Barbuda, Argentina, Armenia, Aruba, Australia, Austria, Azerbaijan Republic, Bahamas, Bahrain, Bangladesh, Belgium, Belize, Benin, Bermuda, Bhutan, Bolivia, Bosnia and Herzegovina, Botswana, Brazil, Brunei Darussalam, Bulgaria, Burkina Faso, Burundi, Cambodia, Cameroon, Canada, Cape Verde Islands, Cayman Islands, Central African Republic, Chad, Chile, China, Colombia, Costa Rica, Cyprus, Czech Republic, Côte d'Ivoire (Ivory Coast), Democratic Republic of the Congo, Denmark, Djibouti, Dominican Republic, Ecuador, Egypt, El Salvador, Equatorial Guinea, Eritrea, Estonia, Ethiopia, Fiji, Finland, France, Gabon Republic, Gambia, Georgia, Germany, Ghana, Gibraltar, Greece, Greenland, Grenada, Guatemala, Guinea, Guinea-Bissau, Guyana, Haiti, Honduras, Hong Kong, Hungary, Iceland, India, Indonesia, Ireland, Israel, Italy, Jamaica, Japan, Jordan, Kazakhstan, Kenya, Kiribati, Kuwait, Kyrgyzstan, Laos, Latvia, Lebanon, Lesotho, Liberia, Liechtenstein, Lithuania, Luxembourg, Macau, Macedonia, Madagascar, Malawi, Malaysia, Maldives, Mali, Malta, Mauritania, Mauritius, Mexico, Moldova, Monaco, Mongolia, Montenegro, Montserrat, Morocco, Mozambique, Namibia, Nauru, Nepal, Netherlands, Nicaragua, Niger, Nigeria, Norway, Oman, Pakistan, Panama, Papua New Guinea, Paraguay, Peru, Philippines, Poland, Portugal, Qatar, Republic of Croatia, Republic of the Congo, Romania, Rwanda, Saint Helena, Saint Kitts-Nevis, Saint Lucia, Saint Pierre and Miquelon, Saint Vincent and the Grenadines, San Marino, Saudi Arabia, Senegal, Serbia, Seychelles, Sierra Leone, Singapore, Slovakia, Slovenia, Solomon Islands, South Africa, South Korea, Spain, Sri Lanka, Suriname, Swaziland, Sweden, Switzerland, Taiwan, Tajikistan, Tanzania, Thailand, Togo, Tonga, Trinidad and Tobago, Tunisia, Turkmenistan, Turks and Caicos Islands, Uganda, United Arab Emirates, United Kingdom, United States, Uzbekistan, Vanuatu, Vatican City State, Vietnam, Wallis and Futuna, Western Samoa, Yemen, Zambia, Zimbabwe	Chicago, Illinois, United States	US $19.06.eBay International ShippingShop worldwide with confidence including detailed tracking and hassle-free returns..Learn more. 	Estimated between Thu, May 11 and Wed, May 31 to 400043
25	3 Tier End Table with Wheels,Side Table Nightstand Storage Shelf for Bedroom,Kit	US $54.69	Not Found	PayPal,Visa,Master Card,American Express,Discover	Seller does not accept returns. See details- for more information about returns	Unbranded	Not Found	Not Found	Nightstand	New: A brand-new, unused, unopened, undamaged item in its original packaging (where packaging is ...  Read moreabout the conditionNew: A brand-new, unused, unopened, undamaged item in its original packaging (where packaging is applicable). Packaging should be the same as what is found in a retail store, unless the item is handmade or was packaged by the manufacturer in non-retail packaging, such as an unprinted box or plastic bag. See the seller's listing for full details. See all condition definitions	185826723913 	Worldwide	china, China	US $3.99.SpeedPAK Standard. 	Estimated between Tue, Apr 18 and Mon, May 22 to 400043
26	36*36*47cm Single Layer Square HDPE Side Table White	US $54.63	Not Found	PayPal,Visa,Master Card,American Express,Discover	Seller does not accept returns. See details- for more information about returns	Unbranded	Not Found	Not Found	Bar Table	New: A brand-new, unused, unopened, undamaged item in its original packaging (where packaging is ...  Read moreabout the conditionNew: A brand-new, unused, unopened, undamaged item in its original packaging (where packaging is applicable). Packaging should be the same as what is found in a retail store, unless the item is handmade or was packaged by the manufacturer in non-retail packaging, such as an unprinted box or plastic bag. See the seller's listing for full details. See all condition definitions	145002110485 	Worldwide	china, China	US $3.99.SpeedPAK Economy. 	Estimated between Thu, May 4 and Mon, Jun 19 to 400043
27	Wooden 2 Tier Coffee Table For Living Room Solid Legs Large Nesting Table	US $59.80	Not Found	PayPal,Visa,Master Card,American Express,Discover	30 day returns. Seller pays for return shipping. See details- for more information about returns	Unbranded	Wood	White	Table	New: A brand-new, unused, unopened, undamaged item in its original packaging (where packaging is ...  Read moreabout the conditionNew: A brand-new, unused, unopened, undamaged item in its original packaging (where packaging is applicable). Packaging should be the same as what is found in a retail store, unless the item is handmade or was packaged by the manufacturer in non-retail packaging, such as an unprinted box or plastic bag. See the seller's listing for full details. See all condition definitions	364199946310 	Worldwide	SAHARANPUR, UTTAR PRADESH, India	Free.UPS Worldwide ExpressSM. 	Estimated between Thu, Apr 6 and Mon, Apr 10 to 400043
28	Table legs, a set of 4, various lengths	US $24.99/ea	Not Found	PayPal,Visa,Master Card,American Express,Discover	Seller does not accept returns. See details- for more information about returns	SoftTech	steel and plastic(foot)	Black	Table Legs	New: A brand-new, unused, unopened, undamaged item in its original packaging (where packaging is ...  Read moreabout the conditionNew: A brand-new, unused, unopened, undamaged item in its original packaging (where packaging is applicable). Packaging should be the same as what is found in a retail store, unless the item is handmade or was packaged by the manufacturer in non-retail packaging, such as an unprinted box or plastic bag. See the seller's listing for full details. See all condition definitions	325086753195 	Worldwide	Franklin, Michigan, United States	US $107.25.USPS Priority Mail InternationalTM. 	Estimated between Fri, Apr 21 and Thu, May 11 to 400043
29	Folding Table 4ft Adjustable Height Portable Lightweight Aluminum Camping Table	US $39.99	Not Found	PayPal,Visa,Master Card,American Express,Discover	30 day returns. Buyer pays for return shipping. See details- for more information about returns	MPM	Not Found	White	Tables	New: A brand-new, unused, unopened, undamaged item in its original packaging (where packaging is ...  Read moreabout the conditionNew: A brand-new, unused, unopened, undamaged item in its original packaging (where packaging is applicable). Packaging should be the same as what is found in a retail store, unless the item is handmade or was packaged by the manufacturer in non-retail packaging, such as an unprinted box or plastic bag. See the seller's listing for full details. See all condition definitions	374526817006 	Afghanistan, Algeria, Angola, Anguilla, Antigua and Barbuda, Argentina, Armenia, Aruba, Australia, Azerbaijan Republic, Bahamas, Bahrain, Bangladesh, Belize, Benin, Bermuda, Bhutan, Bolivia, Botswana, Brazil, Brunei Darussalam, Burkina Faso, Burundi, Cambodia, Cameroon, Canada, Cape Verde Islands, Cayman Islands, Central African Republic, Chad, Chile, China, Colombia, Costa Rica, Côte d'Ivoire (Ivory Coast), Democratic Republic of the Congo, Djibouti, Dominican Republic, Ecuador, Egypt, El Salvador, Equatorial Guinea, Eritrea, Ethiopia, Fiji, Gabon Republic, Gambia, Georgia, Ghana, Greenland, Grenada, Guatemala, Guinea, Guinea-Bissau, Guyana, Haiti, Honduras, Hong Kong, India, Indonesia, Israel, Jamaica, Japan, Jordan, Kazakhstan, Kenya, Kiribati, Kuwait, Kyrgyzstan, Laos, Lebanon, Lesotho, Liberia, Macau, Madagascar, Malawi, Malaysia, Maldives, Mali, Mauritania, Mauritius, Mexico, Mongolia, Montserrat, Morocco, Mozambique, Namibia, Nauru, Nepal, New Zealand, Nicaragua, Niger, Nigeria, Oman, Pakistan, Panama, Papua New Guinea, Paraguay, Peru, Philippines, Qatar, Republic of the Congo, Rwanda, Saint Helena, Saint Kitts-Nevis, Saint Lucia, Saint Pierre and Miquelon, Saint Vincent and the Grenadines, Saudi Arabia, Senegal, Seychelles, Sierra Leone, Singapore, Solomon Islands, South Africa, South Korea, Sri Lanka, Suriname, Swaziland, Taiwan, Tajikistan, Tanzania, Thailand, Togo, Tonga, Trinidad and Tobago, Tunisia, Turkmenistan, Turks and Caicos Islands, Uganda, United Arab Emirates, United States, Uzbekistan, Vanuatu, Vietnam, Wallis and Futuna, Western Samoa, Yemen, Zambia, Zimbabwe	Rancho Cucamonga, California, United States	US $203.76.eBay International ShippingShop worldwide with confidence including detailed tracking and hassle-free returns..Learn more. 	Estimated between Thu, May 11 and Wed, May 31 to 400043
30	10pcs Silicone Chair Leg Caps Covers Furniture Table Feet Pads Floor Protectors	GBP 2.45	Not Found	PayPal,Visa,Master Card,American Express	30 day returns. Buyer pays for return shipping. See details- for more information about returns	Unbranded	Silicone	Not Found	Leg Tip Pad	New: A brand-new, unused, unopened, undamaged item in its original packaging (where packaging is ...  Read moreabout the conditionNew: A brand-new, unused, unopened, undamaged item in its original packaging (where packaging is applicable). Packaging should be the same as what is found in a retail store, unless the item is handmade or was packaged by the manufacturer in non-retail packaging, such as an unprinted box or plastic bag. See the seller's listing for full details. See all condition definitions	304746106601 	Worldwide	义乌, China	GBP 0.50 (approx US $0.62).Economy Shipping. 	Estimated between Tue, Apr 25 and Tue, May 30 to 400043
31	Mainstays 5pc XL Oversized Tray Table Set, Rustic Grey	US $48.99/ea	Not Found	PayPal,Visa,Master Card,American Express,Discover	30 day returns. Buyer pays for return shipping. See details- for more information about returns	Mainstays	Wood	Gray	TV Tray	New: A brand-new, unused, unopened, undamaged item in its original packaging (where packaging is ...  Read moreabout the conditionNew: A brand-new, unused, unopened, undamaged item in its original packaging (where packaging is applicable). Packaging should be the same as what is found in a retail store, unless the item is handmade or was packaged by the manufacturer in non-retail packaging, such as an unprinted box or plastic bag. See the seller's listing for full details. See all condition definitions	204263396801 	United States	深圳市, China	May not ship to India. Read item description or contact seller for shipping options. 	Varies
32	FCH Retro Color Particleboard Triamine Curved Handle One Drawer Bedside Table	US $55.85	Not Found	PayPal,Visa,Master Card,American Express,Discover	Seller does not accept returns. See details- for more information about returns	Unbranded	Not Found	Not Found	Nightstand	New: A brand-new, unused, unopened, undamaged item in its original packaging (where packaging is ...  Read moreabout the conditionNew: A brand-new, unused, unopened, undamaged item in its original packaging (where packaging is applicable). Packaging should be the same as what is found in a retail store, unless the item is handmade or was packaged by the manufacturer in non-retail packaging, such as an unprinted box or plastic bag. See the seller's listing for full details. See all condition definitions	195676444385 	Worldwide	china, China	US $3.99.SpeedPAK Standard. 	Estimated between Tue, Apr 18 and Mon, May 22 to 400043
33	Oak Wood Octagon Side Living Room End Table Nightstand w/ scratches	Not Found	US $0.33	PayPal,Visa,Master Card,American Express,Discover	Seller does not accept returns. See details- for more information about returns	PHI VILLA	Wood	Wood	Nightstand	Used: An item that has been used previously. The item may have some signs of cosmetic wear, but is ...  Read moreabout the conditionUsed: An item that has been used previously. The item may have some signs of cosmetic wear, but is fully operational and functions as intended. This item may be a floor model or store return that has been used. See the seller’s listing for full details and description of any imperfections. See all condition definitions	295597722039 	United States	Chicago, Illinois, United States	May not ship to India. Read item description or contact seller for shipping options. 	Varies
34	Nightstand Modern End Table, Side Table with 1 Drawer and Storage Shelf, White	US $55.36	Not Found	PayPal,Visa,Master Card,American Express,Discover	Seller does not accept returns. See details- for more information about returns	Unbranded	Not Found	White	Nightstand	New: A brand-new, unused, unopened, undamaged item in its original packaging (where packaging is ...  Read moreabout the conditionNew: A brand-new, unused, unopened, undamaged item in its original packaging (where packaging is applicable). Packaging should be the same as what is found in a retail store, unless the item is handmade or was packaged by the manufacturer in non-retail packaging, such as an unprinted box or plastic bag. See the seller's listing for full details. See all condition definitions	175655601762 	Worldwide	china, China	US $2.00.SpeedPAK Economy. 	Estimated between Mon, May 8 and Wed, Jun 21 to 400043
35	Single Layer Bamboo Side Table 40*37*59.5cm Round White Table Top Natural Wood T	US $55.63	Not Found	PayPal,Visa,Master Card,American Express,Discover	30 day returns. Buyer pays for return shipping. See details- for more information about returns	Unbranded	Bamboo, Wood	White	Coffee Table	New: A brand-new, unused, unopened, undamaged item in its original packaging (where packaging is ...  Read moreabout the conditionNew: A brand-new, unused, unopened, undamaged item in its original packaging (where packaging is applicable). Packaging should be the same as what is found in a retail store, unless the item is handmade or was packaged by the manufacturer in non-retail packaging, such as an unprinted box or plastic bag. See the seller's listing for full details. See all condition definitions	175671000049 	Worldwide	china, China	US $3.00.SpeedPAK Economy. 	Estimated between Thu, May 4 and Mon, Jun 19 to 400043
36	Lloyd Flanders Loom Oval Glass Top Coffee Table	US $200.00	Not Found	PayPal,Visa,Master Card,American Express,Discover	Seller does not accept returns. See details- for more information about returns	Flanders	Rattan	Beige	Coffee Table	Used: An item that has been used previously. The item may have some signs of cosmetic wear, but is ...  Read moreabout the conditionUsed: An item that has been used previously. The item may have some signs of cosmetic wear, but is fully operational and functions as intended. This item may be a floor model or store return that has been used. See the seller’s listing for full details and description of any imperfections. See all condition definitions	285212881487 	United States	Bonita Springs, Florida, United States	May not ship to India. Read item description or contact seller for shipping options. 	Varies
37	M6 M8 M10 Adjustable Table Chair Feet Leveling Glide Furniture Legs Pad Mat	US $1.65	Not Found	PayPal,Visa,Master Card,American Express,Discover	60 day returns. Buyer pays for return shipping. See details- for more information about returns	Unbranded	Steel	Black	Furniture Feet	New: A brand-new, unused, unopened, undamaged item in its original packaging (where packaging is ...  Read moreabout the conditionNew: A brand-new, unused, unopened, undamaged item in its original packaging (where packaging is applicable). Packaging should be the same as what is found in a retail store, unless the item is handmade or was packaged by the manufacturer in non-retail packaging, such as an unprinted box or plastic bag. See the seller's listing for full details. See all condition definitions	195458853245 	Worldwide	Dongguan, GD, China	US $0.80.Economy Shipping from Greater China to worldwide. 	Estimated between Tue, May 2 and Wed, May 17 to 400043
38	Wooden Coffee Table With Storage Lift Top Up Drawer Shelf Living Room Furniture	GBP 59.95	Not Found	PayPal,Visa,Master Card,American Express	30 day returns. Buyer pays for return shipping. See details- for more information about returns	Unbranded	MDF/Chipboard	Not Found	Coffee Table	New: A brand-new, unused, unopened, undamaged item in its original packaging (where packaging is ...  Read moreabout the conditionNew: A brand-new, unused, unopened, undamaged item in its original packaging (where packaging is applicable). Packaging should be the same as what is found in a retail store, unless the item is handmade or was packaged by the manufacturer in non-retail packaging, such as an unprinted box or plastic bag. See the seller's listing for full details. See all condition definitions	265563335373 	Antigua and Barbuda, Aruba, Austria, Bahamas, Bahrain, Bangladesh, Barbados, Belgium, Bermuda, Bolivia, Brunei Darussalam, Bulgaria, Cambodia, Canada, Cayman Islands, China, Colombia, Costa Rica, Cyprus, Czech Republic, Denmark, Dominica, Dominican Republic, Ecuador, Egypt, El Salvador, Estonia, Finland, France, French Guiana, Germany, Gibraltar, Greece, Grenada, Guadeloupe, Guatemala, Guernsey, Honduras, Hong Kong, Hungary, Iceland, Indonesia, Ireland, Jamaica, Japan, Jersey, Jordan, Kuwait, Latvia, Liechtenstein, Lithuania, Luxembourg, Macau, Malaysia, Maldives, Malta, Martinique, Mexico, Monaco, Montserrat, Netherlands, Nicaragua, Norway, Oman, Pakistan, Panama, Paraguay, Philippines, Poland, Portugal, Qatar, Republic of Croatia, Reunion, Romania, Saint Kitts-Nevis, Saint Lucia, Saudi Arabia, Singapore, Slovakia, Slovenia, South Africa, South Korea, Spain, Sweden, Switzerland, Taiwan, Thailand, Trinidad and Tobago, Turks and Caicos Islands, United Arab Emirates, United Kingdom, United States, Vietnam	Peterborough, Cambridgeshire, United Kingdom	May not ship to India. Read item description or contact seller for shipping options. 	Varies
39	HXL Folding Utility Table 6ft Fold-in-Half Portable Plastic Picnic Party Dining	US $49.98	Not Found	PayPal,Visa,Master Card,American Express,Discover	Seller does not accept returns. See details- for more information about returns	HXL	Plastic, Steel	White	Folding Table	New: A brand-new, unused, unopened, undamaged item in its original packaging (where packaging is ...  Read moreabout the conditionNew: A brand-new, unused, unopened, undamaged item in its original packaging (where packaging is applicable). Packaging should be the same as what is found in a retail store, unless the item is handmade or was packaged by the manufacturer in non-retail packaging, such as an unprinted box or plastic bag. See the seller's listing for full details. See all condition definitions	285181033841 	United States	FuJianXiaMen, China	May not ship to India. Read item description or contact seller for shipping options. 	Varies
40	Modern LED Light 2 Drawers Nightstand Storage Shelf Bedside End Table Cabinet wi	US $55.98	Not Found	PayPal,Visa,Master Card,American Express,Discover	Seller does not accept returns. See details- for more information about returns	Unbranded	Not Found	Not Found	Nightstand	New: A brand-new, unused, unopened, undamaged item in its original packaging (where packaging is ...  Read moreabout the conditionNew: A brand-new, unused, unopened, undamaged item in its original packaging (where packaging is applicable). Packaging should be the same as what is found in a retail store, unless the item is handmade or was packaged by the manufacturer in non-retail packaging, such as an unprinted box or plastic bag. See the seller's listing for full details. See all condition definitions	374582250381 	Worldwide	china, China	US $3.99.SpeedPAK Economy. 	Estimated between Thu, May 4 and Mon, Jun 19 to 400043
41	"SAFAVIEH End + Side Table 13""Wx26.8""Hx18.1""L Wood 2-Drawer Rectangle Hot Red"	US $158.41	Not Found	PayPal,Visa,Master Card,American Express,Discover	30 day returns. Buyer pays for return shipping. See details- for more information about returns	SAFAVIEH	Not Found	Not Found	Other	New: A brand-new, unused, unopened, undamaged item in its original packaging (where packaging is ...  Read moreabout the conditionNew: A brand-new, unused, unopened, undamaged item in its original packaging (where packaging is applicable). Packaging should be the same as what is found in a retail store, unless the item is handmade or was packaged by the manufacturer in non-retail packaging, such as an unprinted box or plastic bag. See the seller's listing for full details. See all condition definitions	195689375905 	Afghanistan, Albania, Algeria, Andorra, Angola, Anguilla, Antigua and Barbuda, Argentina, Armenia, Aruba, Australia, Austria, Azerbaijan Republic, Bahamas, Bahrain, Bangladesh, Belgium, Belize, Benin, Bermuda, Bhutan, Bolivia, Bosnia and Herzegovina, Botswana, Brazil, Brunei Darussalam, Bulgaria, Burkina Faso, Burundi, Cambodia, Cameroon, Canada, Cape Verde Islands, Cayman Islands, Central African Republic, Chad, Chile, China, Colombia, Costa Rica, Cyprus, Czech Republic, Côte d'Ivoire (Ivory Coast), Democratic Republic of the Congo, Denmark, Djibouti, Dominican Republic, Ecuador, Egypt, El Salvador, Equatorial Guinea, Eritrea, Estonia, Ethiopia, Fiji, Finland, France, Gabon Republic, Gambia, Georgia, Germany, Ghana, Gibraltar, Greece, Greenland, Grenada, Guatemala, Guinea, Guinea-Bissau, Guyana, Haiti, Honduras, Hong Kong, Hungary, Iceland, India, Indonesia, Ireland, Israel, Italy, Jamaica, Japan, Jordan, Kazakhstan, Kenya, Kiribati, Kuwait, Kyrgyzstan, Laos, Latvia, Lebanon, Lesotho, Liberia, Liechtenstein, Lithuania, Luxembourg, Macau, Macedonia, Madagascar, Malawi, Malaysia, Maldives, Mali, Malta, Mauritania, Mauritius, Mexico, Moldova, Monaco, Mongolia, Montenegro, Montserrat, Morocco, Mozambique, Namibia, Nauru, Nepal, Netherlands, Nicaragua, Niger, Nigeria, Norway, Oman, Pakistan, Panama, Papua New Guinea, Paraguay, Peru, Philippines, Poland, Portugal, Qatar, Republic of Croatia, Republic of the Congo, Romania, Rwanda, Saint Helena, Saint Kitts-Nevis, Saint Lucia, Saint Pierre and Miquelon, Saint Vincent and the Grenadines, San Marino, Saudi Arabia, Senegal, Serbia, Seychelles, Sierra Leone, Singapore, Slovakia, Slovenia, Solomon Islands, South Africa, South Korea, Spain, Sri Lanka, Suriname, Swaziland, Sweden, Switzerland, Taiwan, Tajikistan, Tanzania, Thailand, Togo, Tonga, Trinidad and Tobago, Tunisia, Turkmenistan, Turks and Caicos Islands, Uganda, United Arab Emirates, United Kingdom, United States, Uzbekistan, Vanuatu, Vatican City State, Vietnam, Wallis and Futuna, Western Samoa, Yemen, Zambia, Zimbabwe	Norman, Oklahoma, United States	US $205.53.eBay International ShippingShop worldwide with confidence including detailed tracking and hassle-free returns..Learn more. 	Estimated between Thu, May 11 and Tue, May 30 to 400043
42	living room table, (really good condition)	US $75.00	US $50.00	PayPal,Visa,Master Card,American Express,Discover	Seller does not accept returns. See details- for more information about returns	Table	Not Found	Not Found	Coffee Table	Used: An item that has been used previously. The item may have some signs of cosmetic wear, but is ...  Read moreabout the conditionUsed: An item that has been used previously. The item may have some signs of cosmetic wear, but is fully operational and functions as intended. This item may be a floor model or store return that has been used. See the seller’s listing for full details and description of any imperfections. See all condition definitions	404225223786 	United States	Dallas, Texas, United States	May not ship to India. Read item description or contact seller for shipping options. 	Varies
43	Home Decor Modern Coffee Table Round Center For Living Room Nesting Table Gift	US $57.61	Not Found	PayPal,Visa,Master Card,American Express,Discover	30 day returns. Seller pays for return shipping. See details- for more information about returns	Unbranded	Wood	Black	Table	New: A brand-new, unused, unopened, undamaged item in its original packaging (where packaging is ...  Read moreabout the conditionNew: A brand-new, unused, unopened, undamaged item in its original packaging (where packaging is applicable). Packaging should be the same as what is found in a retail store, unless the item is handmade or was packaged by the manufacturer in non-retail packaging, such as an unprinted box or plastic bag. See the seller's listing for full details. See all condition definitions	364199956208 	Worldwide	SAHARANPUR, UTTAR PRADESH, India	Free.UPS Worldwide ExpressSM. 	Estimated between Thu, Apr 6 and Mon, Apr 10 to 400043
44	45*38*63cm Country Style Three Drawer Night Table Large Size Brown	US $54.20	Not Found	PayPal,Visa,Master Card,American Express,Discover	Seller does not accept returns. See details- for more information about returns	Unbranded	Not Found	Not Found	Nightstand	New: A brand-new, unused, unopened, undamaged item in its original packaging (where packaging is ...  Read moreabout the conditionNew: A brand-new, unused, unopened, undamaged item in its original packaging (where packaging is applicable). Packaging should be the same as what is found in a retail store, unless the item is handmade or was packaged by the manufacturer in non-retail packaging, such as an unprinted box or plastic bag. See the seller's listing for full details. See all condition definitions	195676444387 	Worldwide	china, China	US $3.99.SpeedPAK Standard. 	Estimated between Tue, Apr 18 and Mon, May 22 to 400043
45	Portable Adjustable Folding Laptop Desk Foldable Study Computer Bed Table Stand	US $23.18/ea	Not Found	PayPal,Visa,Master Card,American Express,Discover	30 day returns. Buyer pays for return shipping. See details- for more information about returns	Unbranded	MDF	Not Found	Computer Desk	New: A brand-new, unused, unopened, undamaged item in its original packaging (where packaging is ...  Read moreabout the conditionNew: A brand-new, unused, unopened, undamaged item in its original packaging (where packaging is applicable). Packaging should be the same as what is found in a retail store, unless the item is handmade or was packaged by the manufacturer in non-retail packaging, such as an unprinted box or plastic bag. See the seller's listing for full details. See all condition definitions	303729681585 	Afghanistan, Albania, Algeria, Andorra, Angola, Anguilla, Antigua and Barbuda, Argentina, Armenia, Aruba, Australia, Austria, Azerbaijan Republic, Bahamas, Bahrain, Bangladesh, Belgium, Belize, Benin, Bermuda, Bhutan, Bolivia, Bosnia and Herzegovina, Botswana, Brazil, Brunei Darussalam, Bulgaria, Burkina Faso, Burundi, Cambodia, Cameroon, Canada, Cape Verde Islands, Cayman Islands, Central African Republic, Chad, Chile, China, Colombia, Costa Rica, Cyprus, Czech Republic, Côte d'Ivoire (Ivory Coast), Democratic Republic of the Congo, Denmark, Djibouti, Dominican Republic, Ecuador, Egypt, El Salvador, Equatorial Guinea, Eritrea, Estonia, Ethiopia, Fiji, Finland, France, Gabon Republic, Gambia, Georgia, Germany, Ghana, Gibraltar, Greece, Greenland, Grenada, Guatemala, Guinea, Guinea-Bissau, Guyana, Haiti, Honduras, Hong Kong, Hungary, Iceland, India, Indonesia, Iraq, Ireland, Israel, Italy, Jamaica, Japan, Jordan, Kazakhstan, Kenya, Kiribati, Kuwait, Kyrgyzstan, Laos, Latvia, Lebanon, Lesotho, Liberia, Liechtenstein, Lithuania, Luxembourg, Macau, Macedonia, Madagascar, Malawi, Malaysia, Maldives, Mali, Malta, Mauritania, Mauritius, Mexico, Moldova, Monaco, Mongolia, Montenegro, Montserrat, Morocco, Mozambique, Namibia, Nauru, Nepal, Netherlands, New Zealand, Nicaragua, Niger, Nigeria, Norway, Oman, Pakistan, Panama, Papua New Guinea, Paraguay, Peru, Philippines, Poland, Portugal, Qatar, Republic of Croatia, Republic of the Congo, Romania, Rwanda, Saint Helena, Saint Kitts-Nevis, Saint Lucia, Saint Pierre and Miquelon, Saint Vincent and the Grenadines, San Marino, Saudi Arabia, Senegal, Serbia, Seychelles, Sierra Leone, Singapore, Slovakia, Slovenia, Solomon Islands, South Africa, South Korea, Spain, Sri Lanka, Suriname, Swaziland, Sweden, Switzerland, Taiwan, Tajikistan, Tanzania, Thailand, Togo, Tonga, Trinidad and Tobago, Tunisia, Turkmenistan, Turks and Caicos Islands, Uganda, United Arab Emirates, United Kingdom, United States, Uzbekistan, Vanuatu, Vatican City State, Vietnam, Wallis and Futuna, Western Samoa, Yemen, Zambia, Zimbabwe	El Monte, California, United States	US $127.70.eBay International ShippingShop worldwide with confidence including detailed tracking and hassle-free returns..Learn more. 	Estimated between Thu, May 11 and Wed, May 31 to 400043
46	Round Adirondack Side End Table Outdoor Small Coffee Table for Patio Garden Blue	US $47.49	Not Found	PayPal,Visa,Master Card,American Express,Discover	30 day returns. Buyer pays for return shipping. Personalized items cannot be returned. See details- for more information about returns	TAUS	Solid Wood, Wood, HIPS	Blue	Side/End Table	New: A brand-new, unused, unopened, undamaged item in its original packaging (where packaging is ...  Read moreabout the conditionNew: A brand-new, unused, unopened, undamaged item in its original packaging (where packaging is applicable). Packaging should be the same as what is found in a retail store, unless the item is handmade or was packaged by the manufacturer in non-retail packaging, such as an unprinted box or plastic bag. See the seller's listing for full details. See all condition definitions	255982569658 	Afghanistan, Albania, Algeria, Americas, Andorra, Angola, Anguilla, Antigua and Barbuda, Argentina, Armenia, Aruba, Asia, Australia, Austria, Azerbaijan Republic, Bahamas, Bahrain, Bangladesh, Belgium, Belize, Benin, Bermuda, Bhutan, Bolivia, Bosnia and Herzegovina, Botswana, Brazil, Brunei Darussalam, Bulgaria, Burkina Faso, Burundi, Cambodia, Cameroon, Canada, Cape Verde Islands, Cayman Islands, Central African Republic, Chad, Chile, China, Colombia, Costa Rica, Cyprus, Czech Republic, Côte d'Ivoire (Ivory Coast), Democratic Republic of the Congo, Denmark, Djibouti, Dominican Republic, Ecuador, Egypt, El Salvador, Equatorial Guinea, Eritrea, Estonia, Ethiopia, Europe, Fiji, Finland, France, Gabon Republic, Gambia, Georgia, Germany, Ghana, Gibraltar, Greece, Greenland, Grenada, Guatemala, Guinea, Guinea-Bissau, Guyana, Haiti, Honduras, Hong Kong, Hungary, Iceland, India, Indonesia, Ireland, Israel, Italy, Jamaica, Japan, Jordan, Kazakhstan, Kenya, Kiribati, Kuwait, Kyrgyzstan, Laos, Latvia, Lebanon, Lesotho, Liberia, Liechtenstein, Lithuania, Luxembourg, Macau, Macedonia, Madagascar, Malawi, Malaysia, Maldives, Mali, Malta, Mauritania, Mauritius, Mexico, Moldova, Monaco, Mongolia, Montenegro, Montserrat, Morocco, Mozambique, Namibia, Nauru, Nepal, Netherlands, New Zealand, Nicaragua, Niger, Nigeria, Norway, Oman, Pakistan, Panama, Papua New Guinea, Paraguay, Peru, Philippines, Poland, Portugal, Qatar, Republic of Croatia, Republic of the Congo, Romania, Rwanda, Saint Helena, Saint Kitts-Nevis, Saint Lucia, Saint Pierre and Miquelon, Saint Vincent and the Grenadines, San Marino, Saudi Arabia, Senegal, Serbia, Seychelles, Sierra Leone, Singapore, Slovakia, Slovenia, Solomon Islands, South Africa, South Korea, Spain, Sri Lanka, Suriname, Swaziland, Sweden, Switzerland, Taiwan, Tajikistan, Tanzania, Thailand, Togo, Tonga, Trinidad and Tobago, Tunisia, Turkmenistan, Turks and Caicos Islands, Uganda, United Arab Emirates, United Kingdom, Uzbekistan, Vanuatu, Vatican City State, Vietnam, Wallis and Futuna, Western Samoa, Yemen, Zambia, Zimbabwe	Dallas, Texas, United States	US $97.36.eBay International ShippingShop worldwide with confidence including detailed tracking and hassle-free returns..Learn more. 	Estimated between Thu, May 11 and Wed, May 31 to 400043
47	6 Foot Heavy Duty Centerfold Folding Table Black Portable Outdoor Picnic Party	US $15.00	Not Found	PayPal,Visa,Master Card,American Express,Discover	Seller does not accept returns. See details- for more information about returns	Table	Metal, Plastic, PVC, Plastic. Metal. Steel	Black	Dining Table	Used: An item that has been used previously. The item may have some signs of cosmetic wear, but is ...  Read moreabout the conditionUsed: An item that has been used previously. The item may have some signs of cosmetic wear, but is fully operational and functions as intended. This item may be a floor model or store return that has been used. See the seller’s listing for full details and description of any imperfections. See all condition definitions	185834229653 	United States	Charlotte, North Carolina, United States	May not ship to India. Read item description or contact seller for shipping options. 	Varies
48	Removable E1 15MM Chipboard & Steel Side Table Wood Color S	US $55.12	Not Found	PayPal,Visa,Master Card,American Express,Discover	30 day returns. Buyer pays for return shipping. See details- for more information about returns	Unbranded	Steel, Wood	Not Found	Corner Table	New: A brand-new, unused, unopened, undamaged item in its original packaging (where packaging is ...  Read moreabout the conditionNew: A brand-new, unused, unopened, undamaged item in its original packaging (where packaging is applicable). Packaging should be the same as what is found in a retail store, unless the item is handmade or was packaged by the manufacturer in non-retail packaging, such as an unprinted box or plastic bag. See the seller's listing for full details. See all condition definitions	385515254268 	Worldwide	china, China	US $3.00.SpeedPAK Economy. 	Estimated between Thu, May 4 and Mon, Jun 19 to 400043
49	"32X20X20"" Prayer Bench, Padded kneeler Easy Fold-away Prayer Table Chair"	US $107.27	Not Found	PayPal,Visa,Master Card,American Express,Discover	Seller does not accept returns. See details- for more information about returns	FixtureDisplays	Not Found	Mahogany	Prayer Bench	New: A brand-new, unused, unopened, undamaged item in its original packaging (where packaging is ...  Read moreabout the conditionNew: A brand-new, unused, unopened, undamaged item in its original packaging (where packaging is applicable). Packaging should be the same as what is found in a retail store, unless the item is handmade or was packaged by the manufacturer in non-retail packaging, such as an unprinted box or plastic bag. See the seller's listing for full details. See all condition definitions	304326119317 	Worldwide	Downers Grove, IL, United States	US $185.50.Economy International Shipping. 	Estimated between Wed, Apr 19 and Tue, May 9 to 400043 Delivery time is estimated using our proprietary method which is based on the buyer's proximity to the item location, the shipping service selected, the seller's shipping history, and other factors. Delivery times may vary, especially during peak periods. Please note the delivery estimate is greater than 10 business days.Please allow additional time if international delivery is subject to customs processing.
50	10X Rubber Feet Protector Furniture Chair Table Leg Pads Floor Protector Black	AU $3.09	Not Found	PayPal,Visa,Master Card,American Express	30 day returns. Buyer pays for return shipping. See details- for more information about returns	Unbranded	Rubber	Not Found	Chair Table Leg Pad	New: A brand-new, unused, unopened, undamaged item in its original packaging (where packaging is ...  Read moreabout the conditionNew: A brand-new, unused, unopened, undamaged item in its original packaging (where packaging is applicable). Packaging should be the same as what is found in a retail store, unless the item is handmade or was packaged by the manufacturer in non-retail packaging, such as an unprinted box or plastic bag. See the seller's listing for full details. See all condition definitions	394198563681 	Worldwide	义乌, China	Free.International Economy : tracked-no signature (11 to 35 business days). 	Estimated between Mon, May 1 and Mon, Jun 5 to 400043
51	12Pcs 10-25mm Rubber Furniture Leg Table Chair Foot Tips Cap Cover Pad Protector	US $9.72/ea	Not Found	PayPal,Visa,Master Card,American Express,Discover	30 day returns. Buyer pays for return shipping. See details- for more information about returns	Unbranded	Rubber	Not Found	Chair Leg Pads	New: A brand-new, unused, unopened, undamaged item in its original packaging (where packaging is ...  Read moreabout the conditionNew: A brand-new, unused, unopened, undamaged item in its original packaging (where packaging is applicable). Packaging should be the same as what is found in a retail store, unless the item is handmade or was packaged by the manufacturer in non-retail packaging, such as an unprinted box or plastic bag. See the seller's listing for full details. See all condition definitions	363158394854 	Worldwide	shenzhen, China	Free.Economy International Shipping. 	Estimated between Mon, Apr 24 and Tue, May 30 to 400043
52	Round Chair Leg Cap Rubber Feet Protector Pads Furniture Table Covers Bottom	US $1.39	Not Found	PayPal,Visa,Master Card,American Express,Discover	60 day returns. Buyer pays for return shipping. See details- for more information about returns	Unbranded	Rubber	Black	Chair/Table Leg Tips	New: A brand-new, unused, unopened, undamaged item in its original packaging (where packaging is ...  Read moreabout the conditionNew: A brand-new, unused, unopened, undamaged item in its original packaging (where packaging is applicable). Packaging should be the same as what is found in a retail store, unless the item is handmade or was packaged by the manufacturer in non-retail packaging, such as an unprinted box or plastic bag. See the seller's listing for full details. See all condition definitions	195333572723 	Worldwide	Dongguan, GD, China	US $0.80.Economy Shipping from Greater China to worldwide. 	Estimated between Tue, May 2 and Wed, May 17 to 400043
53	12Pc Table Chair Feet Rubber Leg Tips Caps Floor Protectors for Indoor/Outdoor	US $5.44/ea	Not Found	PayPal,Visa,Master Card,American Express,Discover	30 day returns. Buyer pays for return shipping. See details- for more information about returns	Unbranded	Rubber	Black	Chair Leg Tips Caps	New: A brand-new, unused, unopened, undamaged item in its original packaging (where packaging is ...  Read moreabout the conditionNew: A brand-new, unused, unopened, undamaged item in its original packaging (where packaging is applicable). Packaging should be the same as what is found in a retail store, unless the item is handmade or was packaged by the manufacturer in non-retail packaging, such as an unprinted box or plastic bag. See the seller's listing for full details. See all condition definitions	294989815546 	Worldwide	shenzhen, China	Free.Economy International Shipping. 	Estimated between Thu, Apr 20 and Fri, May 26 to 400043
54	Wooden Side Table Living Room Solid Legs Nesting For Home Modern Coffe Table	US $61.26	Not Found	PayPal,Visa,Master Card,American Express,Discover	30 day returns. Seller pays for return shipping. See details- for more information about returns	Unbranded	Wood	White	Table	New: A brand-new, unused, unopened, undamaged item in its original packaging (where packaging is ...  Read moreabout the conditionNew: A brand-new, unused, unopened, undamaged item in its original packaging (where packaging is applicable). Packaging should be the same as what is found in a retail store, unless the item is handmade or was packaged by the manufacturer in non-retail packaging, such as an unprinted box or plastic bag. See the seller's listing for full details. See all condition definitions	364199941008 	Worldwide	SAHARANPUR, UTTAR PRADESH, India	Free.UPS Worldwide ExpressSM. 	Estimated between Thu, Apr 6 and Mon, Apr 10 to 400043
55	"Round Side Table 18"" H x 15”D Accent Table Nightstand White and Gold"	US $20.99/ea	Not Found	PayPal,Visa,Master Card,American Express,Discover	30 day returns. Buyer pays for return shipping. See details- for more information about returns	Accent Plus	Wood	White	Night stand/coffee table	New: A brand-new, unused, unopened, undamaged item in its original packaging (where packaging is ...  Read moreabout the conditionNew: A brand-new, unused, unopened, undamaged item in its original packaging (where packaging is applicable). Packaging should be the same as what is found in a retail store, unless the item is handmade or was packaged by the manufacturer in non-retail packaging, such as an unprinted box or plastic bag. See the seller's listing for full details. See all condition definitions	295096623513 	Afghanistan, Albania, Algeria, Andorra, Angola, Anguilla, Antigua and Barbuda, Argentina, Armenia, Aruba, Australia, Austria, Azerbaijan Republic, Bahamas, Bahrain, Bangladesh, Belgium, Belize, Benin, Bermuda, Bhutan, Bolivia, Bosnia and Herzegovina, Botswana, Brazil, Brunei Darussalam, Bulgaria, Burkina Faso, Burundi, Cambodia, Cameroon, Canada, Cape Verde Islands, Cayman Islands, Central African Republic, Chad, Chile, China, Colombia, Costa Rica, Cyprus, Czech Republic, Côte d'Ivoire (Ivory Coast), Democratic Republic of the Congo, Denmark, Djibouti, Dominican Republic, Ecuador, Egypt, El Salvador, Equatorial Guinea, Eritrea, Estonia, Ethiopia, Fiji, Finland, France, Gabon Republic, Gambia, Georgia, Germany, Ghana, Gibraltar, Greece, Greenland, Grenada, Guatemala, Guinea, Guinea-Bissau, Guyana, Haiti, Honduras, Hong Kong, Hungary, Iceland, India, Indonesia, Ireland, Israel, Italy, Jamaica, Japan, Jordan, Kazakhstan, Kenya, Kiribati, Kuwait, Kyrgyzstan, Laos, Latvia, Lebanon, Lesotho, Liberia, Liechtenstein, Lithuania, Luxembourg, Macau, Macedonia, Madagascar, Malawi, Malaysia, Maldives, Mali, Malta, Mauritania, Mauritius, Mexico, Moldova, Monaco, Mongolia, Montenegro, Montserrat, Morocco, Mozambique, Namibia, Nauru, Nepal, Netherlands, New Zealand, Nicaragua, Niger, Nigeria, Norway, Oman, Pakistan, Panama, Papua New Guinea, Paraguay, Peru, Philippines, Poland, Portugal, Qatar, Republic of Croatia, Republic of the Congo, Romania, Rwanda, Saint Helena, Saint Kitts-Nevis, Saint Lucia, Saint Pierre and Miquelon, Saint Vincent and the Grenadines, San Marino, Saudi Arabia, Senegal, Serbia, Seychelles, Sierra Leone, Singapore, Slovakia, Slovenia, Solomon Islands, South Africa, South Korea, Spain, Sri Lanka, Suriname, Swaziland, Sweden, Switzerland, Taiwan, Tajikistan, Tanzania, Thailand, Togo, Tonga, Trinidad and Tobago, Tunisia, Turkmenistan, Turks and Caicos Islands, Uganda, United Arab Emirates, United Kingdom, United States, Uzbekistan, Vanuatu, Vatican City State, Vietnam, Wallis and Futuna, Western Samoa, Yemen, Zambia, Zimbabwe	Rowland Heights, California, United States	US $45.53.eBay International ShippingShop worldwide with confidence including detailed tracking and hassle-free returns..Learn more. 	Estimated between Wed, May 10 and Mon, May 29 to 400043
56	White Folding TV Tray Portable Adjustable Height Sofa Bed Side Table Dinner Desk	US $32.99/ea	Not Found	PayPal,Visa,Master Card,American Express,Discover	30 day returns. Buyer pays for return shipping. See details- for more information about returns	MoNiBloom	PE/Steel	White	TV Tray	New: A brand-new, unused, unopened, undamaged item in its original packaging (where packaging is ...  Read moreabout the conditionNew: A brand-new, unused, unopened, undamaged item in its original packaging (where packaging is applicable). Packaging should be the same as what is found in a retail store, unless the item is handmade or was packaged by the manufacturer in non-retail packaging, such as an unprinted box or plastic bag. See the seller's listing for full details. See all condition definitions	134242872510 	Afghanistan, Albania, Algeria, Andorra, Angola, Anguilla, Antigua and Barbuda, Argentina, Armenia, Aruba, Australia, Austria, Azerbaijan Republic, Bahamas, Bahrain, Bangladesh, Belgium, Belize, Benin, Bermuda, Bhutan, Bolivia, Bosnia and Herzegovina, Botswana, Brazil, Brunei Darussalam, Bulgaria, Burkina Faso, Burundi, Cambodia, Cameroon, Canada, Cape Verde Islands, Cayman Islands, Central African Republic, Chad, Chile, China, Colombia, Costa Rica, Cyprus, Czech Republic, Côte d'Ivoire (Ivory Coast), Democratic Republic of the Congo, Denmark, Djibouti, Dominican Republic, Ecuador, Egypt, El Salvador, Equatorial Guinea, Eritrea, Estonia, Ethiopia, Fiji, Finland, France, Gabon Republic, Gambia, Georgia, Germany, Ghana, Gibraltar, Greece, Greenland, Grenada, Guatemala, Guinea, Guinea-Bissau, Guyana, Haiti, Honduras, Hong Kong, Hungary, Iceland, India, Indonesia, Ireland, Israel, Italy, Jamaica, Japan, Jordan, Kazakhstan, Kenya, Kiribati, Kuwait, Kyrgyzstan, Laos, Latvia, Lebanon, Lesotho, Liberia, Liechtenstein, Lithuania, Luxembourg, Macau, Macedonia, Madagascar, Malawi, Malaysia, Maldives, Mali, Malta, Mauritania, Mauritius, Mexico, Moldova, Monaco, Mongolia, Montenegro, Montserrat, Morocco, Mozambique, Namibia, Nauru, Nepal, Netherlands, New Zealand, Nicaragua, Niger, Nigeria, Norway, Oman, Pakistan, Panama, Papua New Guinea, Paraguay, Peru, Philippines, Poland, Portugal, Qatar, Republic of Croatia, Republic of the Congo, Romania, Rwanda, Saint Helena, Saint Kitts-Nevis, Saint Lucia, Saint Pierre and Miquelon, Saint Vincent and the Grenadines, San Marino, Saudi Arabia, Senegal, Serbia, Seychelles, Sierra Leone, Singapore, Slovakia, Slovenia, Solomon Islands, South Africa, South Korea, Spain, Sri Lanka, Suriname, Swaziland, Sweden, Switzerland, Taiwan, Tajikistan, Tanzania, Thailand, Togo, Tonga, Trinidad and Tobago, Tunisia, Turkmenistan, Turks and Caicos Islands, Uganda, United Arab Emirates, United Kingdom, United States, Uzbekistan, Vanuatu, Vatican City State, Vietnam, Wallis and Futuna, Western Samoa, Yemen, Zambia, Zimbabwe	Houston, TX, United States	US $203.65.eBay International ShippingShop worldwide with confidence including detailed tracking and hassle-free returns..Learn more. 	Estimated between Thu, May 11 and Wed, May 31 to 400043
57	Chair Leg Floor Protector Furniture Table Feet Cover Silicone Cap Pads Caps	AU $7.99	Not Found	PayPal,Visa,Master Card,American Express	Seller does not accept returns. See details- for more information about returns	Unbranded	Silicone	Not Found	Chair/Table Leg Tips	New: A brand-new, unused, unopened, undamaged item in its original packaging (where packaging is ...  Read moreabout the conditionNew: A brand-new, unused, unopened, undamaged item in its original packaging (where packaging is applicable). Packaging should be the same as what is found in a retail store, unless the item is handmade or was packaged by the manufacturer in non-retail packaging, such as an unprinted box or plastic bag. See the seller's listing for full details. See all condition definitions	224601253974 	Worldwide	Ryde, Australia	AU $34.50 (approx US $23.13).Australia Post International Standard. 	Estimated between Wed, Apr 12 and Thu, Apr 27 to 400043 Delivery time is estimated using our proprietary method which is based on the buyer's proximity to the item location, the shipping service selected, the seller's shipping history, and other factors. Delivery times may vary, especially during peak periods. Please note the delivery estimate is greater than 6 business days.Please allow additional time if international delivery is subject to customs processing.
58	High Gloss Designer White Black Glass Modern Giovani Coffee Living Side Table	GBP 199.99	Not Found	PayPal,Visa,Master Card,American Express	30 day returns. Buyer pays for return shipping. See details- for more information about returns	White	Glass	Not Found	Coffee Table	New: A brand-new, unused, unopened, undamaged item in its original packaging (where packaging is ...  Read moreabout the conditionNew: A brand-new, unused, unopened, undamaged item in its original packaging (where packaging is applicable). Packaging should be the same as what is found in a retail store, unless the item is handmade or was packaged by the manufacturer in non-retail packaging, such as an unprinted box or plastic bag. See the seller's listing for full details. See all condition definitions	224074916316 	Antigua and Barbuda, Aruba, Australia, Austria, Bahamas, Bahrain, Bangladesh, Barbados, Belgium, Belize, Bermuda, Bolivia, Brazil, Brunei Darussalam, Bulgaria, Cambodia, Canada, Cayman Islands, Chile, China, Colombia, Costa Rica, Cyprus, Czech Republic, Denmark, Dominica, Dominican Republic, Ecuador, Egypt, El Salvador, Estonia, Finland, France, French Guiana, Germany, Gibraltar, Greece, Grenada, Guadeloupe, Guatemala, Guernsey, Honduras, Hong Kong, Hungary, Iceland, Indonesia, Ireland, Israel, Italy, Jamaica, Japan, Jersey, Jordan, Kuwait, Latvia, Liechtenstein, Lithuania, Luxembourg, Macau, Malaysia, Maldives, Malta, Martinique, Mexico, Monaco, Montserrat, Netherlands, New Zealand, Nicaragua, Norway, Oman, Pakistan, Panama, Paraguay, Peru, Philippines, Poland, Portugal, Qatar, Republic of Croatia, Reunion, Romania, Saint Kitts-Nevis, Saint Lucia, Saudi Arabia, Singapore, Slovakia, Slovenia, South Africa, South Korea, Spain, Sri Lanka, Sweden, Switzerland, Taiwan, Thailand, Trinidad and Tobago, Turks and Caicos Islands, United Arab Emirates, United Kingdom, United States, Vietnam	BIRMINGHAM, United Kingdom	May not ship to India. Read item description or contact seller for shipping options. 	Varies
59	Nautical round table rope designer natural wooden top coffee tea side table item	US $269.99	Not Found	PayPal,Visa,Master Card,American Express,Discover	30 day returns. Seller pays for return shipping. See details- for more information about returns	Unbranded	Aluminum / Wood / Rope	Brown	Table	New: A brand-new, unused, unopened, undamaged item in its original packaging (where packaging is ...  Read moreabout the conditionNew: A brand-new, unused, unopened, undamaged item in its original packaging (where packaging is applicable). Packaging should be the same as what is found in a retail store, unless the item is handmade or was packaged by the manufacturer in non-retail packaging, such as an unprinted box or plastic bag. See the seller's listing for full details. See all condition definitions	264596508316 	Worldwide	ROORKEE, UTTARAKHAND, India	Free.Standard International Shipping. 	Estimated between Fri, Apr 21 and Thu, May 4 to 400043
